t_audio_ms,t_wall_ms,displayed,passage,showPassage,best,second,rBest,rDisplayed,rSecond,confidence,nearby,challenge,challengeProgress,event,evidenceSeconds,songSeconds,passageSeconds,labelChanges,songMature,config
2229,1790793549040,,,0,Gb Maior,F# Menor,0.5937,0.0000,0.5725,0.0849,"F# Menor;C# Menor;A Maior",,0.00,,0.00,0.33,0.33,0,0,"v2;w20;harm;aar;song60;far12;near45;tol0.8;floor0.25;drain0.5;bass0.25"
2693,1790793549539,,,0,Gb Maior,Db Maior,0.5665,0.0000,0.4888,0.3109,"Db Maior;Bb Menor;F# Menor",,0.00,,0.00,0.81,0.81,0,0,"v2;w20;harm;aar;song60;far12;near45;tol0.8;floor0.25;drain0.5;bass0.25"
3157,1790793550040,,,0,Db Maior,Gb Maior,0.5265,0.0000,0.5234,0.0124,"Gb Maior;Bb Menor;F# Menor",,0.00,,0.00,1.25,1.25,0,0,"v2;w20;harm;aar;song60;far12;near45;tol0.8;floor0.25;drain0.5;bass0.25"
3715,1790793550539,,,0,Db Maior,Gb Maior,0.5219,0.0000,0.5146,0.0292,"Gb Maior;Bb Menor;F# Menor",,0.00,,0.00,1.81,1.81,0,0,"v2;w20;harm;aar;song60;far12;near45;tol0.8;floor0.25;drain0.5;bass0.25"
4179,1790793551040,Bb Menor,Bb Menor,0,Bb Menor,Db Maior,0.5809,0.5809,0.5652,0.0630,"Db Maior;Gb Maior;F# Menor",,0.00,,0.00,2.29,2.29,0,0,"v2;w20;harm;aar;song60;far12;near45;tol0.8;floor0.25;drain0.5;bass0.25"
4736,1790793551539,Bb Menor,Bb Menor,0,Bb Menor,Db Maior,0.5886,0.5886,0.5848,0.0155,"Db Maior;Gb Maior;Eb Menor",,0.00,,0.00,2.83,2.83,0,0,"v2;w20;harm;aar;song60;far12;near45;tol0.8;floor0.25;drain0.5;bass0.25"
5201,1790793552039,Bb Menor,Bb Menor,0,Db Maior,Db Maior,0.5814,0.0000,0.5814,0.0000,"Db Maior;Gb Maior;F# Menor",,0.00,,0.00,3.31,3.31,0,0,"v2;w20;harm;aar;song60;far12;near45;tol0.8;floor0.25;drain0.5;bass0.25"
5758,1790793552540,Bb Menor,Bb Menor,0,Bb Menor,Db Maior,0.5831,0.5831,0.5737,0.0376,"Db Maior;Gb Maior;F# Menor",,0.00,,0.00,3.85,3.85,0,0,"v2;w20;harm;aar;song60;far12;near45;tol0.8;floor0.25;drain0.5;bass0.25"
6222,1790793553041,Bb Menor,Bb Menor,0,Bb Menor,Db Maior,0.6116,0.6116,0.5859,0.1028,"Db Maior;Gb Maior;Eb Menor",,0.00,,0.00,4.31,4.31,0,0,"v2;w20;harm;aar;song60;far12;near45;tol0.8;floor0.25;drain0.5;bass0.25"
6687,1790793553540,Bb Menor,Bb Menor,0,Bb Menor,Db Maior,0.6057,0.6057,0.5841,0.0865,"Db Maior;Gb Maior;Eb Menor",,0.00,,0.00,4.79,4.79,0,0,"v2;w20;harm;aar;song60;far12;near45;tol0.8;floor0.25;drain0.5;bass0.25"
7244,1790793554041,Bb Menor,Bb Menor,0,Bb Menor,Db Maior,0.6041,0.6041,0.5806,0.0942,"Db Maior;Gb Maior;Eb Menor",,0.00,,0.00,5.35,5.35,0,0,"v2;w20;harm;aar;song60;far12;near45;tol0.8;floor0.25;drain0.5;bass0.25"
7709,1790793554540,Bb Menor,Bb Menor,0,Bb Menor,Db Maior,0.5936,0.5936,0.5809,0.0509,"Db Maior;Gb Maior;Eb Menor",,0.00,,0.00,5.81,5.81,0,0,"v2;w20;harm;aar;song60;far12;near45;tol0.8;floor0.25;drain0.5;bass0.25"
8173,1790793555041,Bb Menor,Bb Menor,0,Bb Menor,Db Maior,0.5967,0.5967,0.5775,0.0769,"Db Maior;Gb Maior;Eb Menor",,0.00,,0.00,6.27,6.27,0,0,"v2;w20;harm;aar;song60;far12;near45;tol0.8;floor0.25;drain0.5;bass0.25"
8730,1790793555541,Bb Menor,Bb Menor,0,Bb Menor,Db Maior,0.5990,0.5990,0.5790,0.0797,"Db Maior;Gb Maior;Eb Menor",,0.00,,0.00,6.83,6.83,0,0,"v2;w20;harm;aar;song60;far12;near45;tol0.8;floor0.25;drain0.5;bass0.25"
9195,1790793556040,Bb Menor,Bb Menor,0,Bb Menor,Db Maior,0.5931,0.5931,0.5748,0.0734,"Db Maior;Gb Maior;Eb Menor",,0.00,,0.00,7.31,7.31,0,0,"v2;w20;harm;aar;song60;far12;near45;tol0.8;floor0.25;drain0.5;bass0.25"
9659,1790793556539,Bb Menor,Bb Menor,0,Bb Menor,Db Maior,0.5812,0.5812,0.5714,0.0394,"Db Maior;Gb Maior;F# Menor",,0.00,,0.00,7.75,7.75,0,0,"v2;w20;harm;aar;song60;far12;near45;tol0.8;floor0.25;drain0.5;bass0.25"
10216,1790793557041,Bb Menor,Bb Menor,0,Bb Menor,Db Maior,0.5643,0.5643,0.5600,0.0174,"Db Maior;Gb Maior;F# Menor",,0.00,,0.00,8.34,8.34,0,0,"v2;w20;harm;aar;song60;far12;near45;tol0.8;floor0.25;drain0.5;bass0.25"
10681,1790793557540,Bb Menor,Bb Menor,0,Db Maior,Db Maior,0.5495,0.0000,0.5495,0.0000,"Db Maior;Gb Maior;F# Menor",,0.00,,0.00,8.79,8.79,0,0,"v2;w20;harm;aar;song60;far12;near45;tol0.8;floor0.25;drain0.5;bass0.25"
11238,1790793558040,Bb Menor,Bb Menor,0,Db Maior,Db Maior,0.5441,0.0000,0.5441,0.0000,"Db Maior;Gb Maior;F# Menor",,0.00,,0.00,9.33,9.33,0,0,"v2;w20;harm;aar;song60;far12;near45;tol0.8;floor0.25;drain0.5;bass0.25"
11702,1790793558540,Bb Menor,Bb Menor,0,Db Maior,Db Maior,0.5384,0.0000,0.5384,0.0000,"Db Maior;Gb Maior;F# Menor",,0.00,,0.00,9.81,9.81,0,0,"v2;w20;harm;aar;song60;far12;near45;tol0.8;floor0.25;drain0.5;bass0.25"
12260,1790793559041,Bb Menor,Bb Menor,0,Db Maior,Db Maior,0.5378,0.0000,0.5378,0.0000,"Db Maior;Gb Maior;F# Menor",,0.00,,0.00,10.35,10.35,0,0,"v2;w20;harm;aar;song60;far12;near45;tol0.8;floor0.25;drain0.5;bass0.25"
12724,1790793559540,Bb Menor,Bb Menor,0,Db Maior,Db Maior,0.5658,0.0000,0.5658,0.0000,"Db Maior;Gb Maior;F# Menor",,0.00,,0.00,10.83,10.83,0,0,"v2;w20;harm;aar;song60;far12;near45;tol0.8;floor0.25;drain0.5;bass0.25"
13188,1790793560040,Bb Menor,Bb Menor,0,Db Maior,Db Maior,0.5520,0.0000,0.5520,0.0000,"Db Maior;Gb Maior;F# Menor",,0.00,,0.00,11.29,11.29,0,0,"v2;w20;harm;aar;song60;far12;near45;tol0.8;floor0.25;drain0.5;bass0.25"
13653,1790793560541,Bb Menor,Bb Menor,0,Db Maior,Db Maior,0.5535,0.0000,0.5535,0.0000,"Db Maior;Gb Maior;F# Menor",,0.00,,0.00,11.75,11.75,0,0,"v2;w20;harm;aar;song60;far12;near45;tol0.8;floor0.25;drain0.5;bass0.25"
14210,1790793561041,Bb Menor,Bb Menor,0,Db Maior,Db Maior,0.5612,0.0000,0.5612,0.0000,"Db Maior;Gb Maior;F# Menor",,0.00,,0.00,12.31,12.31,0,0,"v2;w20;harm;aar;song60;far12;near45;tol0.8;floor0.25;drain0.5;bass0.25"
14675,1790793561541,Bb Menor,Bb Menor,0,Bb Menor,Db Maior,0.5683,0.5683,0.5664,0.0075,"Db Maior;Gb Maior;F# Menor",,0.00,,0.00,12.77,12.77,0,0,"v2;w20;harm;aar;song60;far12;near45;tol0.8;floor0.25;drain0.5;bass0.25"
15232,1790793562040,Bb Menor,Bb Menor,0,Bb Menor,Db Maior,0.5806,0.5806,0.5731,0.0302,"Db Maior;Gb Maior;F# Menor",,0.00,,0.00,13.33,13.33,0,0,"v2;w20;harm;aar;song60;far12;near45;tol0.8;floor0.25;drain0.5;bass0.25"
15696,1790793562539,Bb Menor,Bb Menor,0,Bb Menor,Db Maior,0.5853,0.5853,0.5749,0.0416,"Db Maior;Gb Maior;F# Menor",,0.00,,0.00,13.81,13.81,0,0,"v2;w20;harm;aar;song60;far12;near45;tol0.8;floor0.25;drain0.5;bass0.25"
16253,1790793563040,Bb Menor,Bb Menor,0,Bb Menor,Db Maior,0.5876,0.5876,0.5749,0.0509,"Db Maior;Gb Maior;F# Menor",,0.00,,0.00,14.35,14.35,0,0,"v2;w20;harm;aar;song60;far12;near45;tol0.8;floor0.25;drain0.5;bass0.25"
16718,1790793563539,Bb Menor,Bb Menor,0,Bb Menor,Db Maior,0.5878,0.5878,0.5751,0.0506,"Db Maior;Gb Maior;F# Menor",,0.00,,0.00,14.83,14.83,0,0,"v2;w20;harm;aar;song60;far12;near45;tol0.8;floor0.25;drain0.5;bass0.25"
17182,1790793564041,Bb Menor,Bb Menor,0,Bb Menor,Db Maior,0.5883,0.5883,0.5719,0.0654,"Db Maior;Gb Maior;F# Menor",,0.00,,0.00,15.29,15.29,0,0,"v2;w20;harm;aar;song60;far12;near45;tol0.8;floor0.25;drain0.5;bass0.25"
17740,1790793564541,Bb Menor,Bb Menor,0,Bb Menor,Db Maior,0.5898,0.5898,0.5710,0.0751,"Db Maior;Gb Maior;F# Menor",,0.00,,0.00,15.83,15.83,0,0,"v2;w20;harm;aar;song60;far12;near45;tol0.8;floor0.25;drain0.5;bass0.25"
18204,1790793565040,Bb Menor,Bb Menor,0,Bb Menor,Db Maior,0.5856,0.5856,0.5694,0.0649,"Db Maior;Gb Maior;F# Menor",,0.00,,0.00,16.31,16.31,0,0,"v2;w20;harm;aar;song60;far12;near45;tol0.8;floor0.25;drain0.5;bass0.25"
18761,1790793565542,Bb Menor,Bb Menor,0,Bb Menor,Db Maior,0.5769,0.5769,0.5615,0.0616,"Db Maior;Gb Maior;F# Menor",,0.00,,0.00,16.85,16.85,0,0,"v2;w20;harm;aar;song60;far12;near45;tol0.8;floor0.25;drain0.5;bass0.25"
19226,1790793566041,Bb Menor,Bb Menor,0,Bb Menor,Db Maior,0.5668,0.5668,0.5561,0.0430,"Db Maior;Gb Maior;F# Menor",,0.00,,0.00,17.33,17.33,0,0,"v2;w20;harm;aar;song60;far12;near45;tol0.8;floor0.25;drain0.5;bass0.25"
19690,1790793566541,Bb Menor,Bb Menor,0,Bb Menor,Db Maior,0.5605,0.5605,0.5571,0.0137,"Db Maior;Gb Maior;F# Menor",,0.00,,0.00,17.79,17.79,0,0,"v2;w20;harm;aar;song60;far12;near45;tol0.8;floor0.25;drain0.5;bass0.25"
20247,1790793567040,Bb Menor,Bb Menor,0,Bb Menor,Db Maior,0.5581,0.5581,0.5562,0.0078,"Db Maior;Gb Maior;F# Menor",,0.00,,0.00,18.35,18.35,0,0,"v2;w20;harm;aar;song60;far12;near45;tol0.8;floor0.25;drain0.5;bass0.25"
20712,1790793567540,Bb Menor,Bb Menor,0,Bb Menor,Db Maior,0.5551,0.5551,0.5507,0.0175,"Db Maior;Gb Maior;F# Menor",,0.00,,0.00,18.81,18.81,0,0,"v2;w20;harm;aar;song60;far12;near45;tol0.8;floor0.25;drain0.5;bass0.25"
21176,1790793568042,Bb Menor,Bb Menor,0,Bb Menor,Db Maior,0.5570,0.5570,0.5502,0.0275,"Db Maior;Gb Maior;F# Menor",,0.00,,0.00,19.27,19.27,0,0,"v2;w20;harm;aar;song60;far12;near45;tol0.8;floor0.25;drain0.5;bass0.25"
21733,1790793568541,Bb Menor,Bb Menor,0,Bb Menor,Db Maior,0.5485,0.5485,0.5477,0.0031,"Db Maior;Gb Maior;F# Menor",,0.00,,0.00,19.85,19.85,0,0,"v2;w20;harm;aar;song60;far12;near45;tol0.8;floor0.25;drain0.5;bass0.25"
22198,1790793569041,Bb Menor,Bb Menor,0,Bb Menor,Db Maior,0.5456,0.5456,0.5455,0.0001,"Db Maior;Gb Maior;F# Menor",,0.00,,0.00,20.31,20.31,0,0,"v2;w20;harm;aar;song60;far12;near45;tol0.8;floor0.25;drain0.5;bass0.25"
22755,1790793569542,Bb Menor,Bb Menor,0,Bb Menor,Db Maior,0.5609,0.5609,0.5558,0.0205,"Db Maior;Gb Maior;F# Menor",,0.00,,0.00,20.85,20.85,0,0,"v2;w20;harm;aar;song60;far12;near45;tol0.8;floor0.25;drain0.5;bass0.25"
23219,1790793570040,Bb Menor,Bb Menor,0,Bb Menor,Db Maior,0.5713,0.5713,0.5606,0.0430,"Db Maior;Gb Maior;F# Menor",,0.00,,0.00,21.33,21.33,0,0,"v2;w20;harm;aar;song60;far12;near45;tol0.8;floor0.25;drain0.5;bass0.25"
23684,1790793570543,Bb Menor,Bb Menor,0,Bb Menor,Db Maior,0.5832,0.5832,0.5678,0.0617,"Db Maior;Gb Maior;F# Menor",,0.00,,0.00,21.79,21.79,0,0,"v2;w20;harm;aar;song60;far12;near45;tol0.8;floor0.25;drain0.5;bass0.25"
24241,1790793571041,Bb Menor,Bb Menor,0,Bb Menor,Db Maior,0.5829,0.5829,0.5660,0.0675,"Db Maior;Gb Maior;F# Menor",,0.00,,0.00,22.35,22.35,0,0,"v2;w20;harm;aar;song60;far12;near45;tol0.8;floor0.25;drain0.5;bass0.25"
24706,1790793571541,Bb Menor,Bb Menor,0,Bb Menor,Db Maior,0.5948,0.5948,0.5727,0.0883,"Db Maior;Gb Maior;F# Menor",,0.00,,0.00,22.81,22.81,0,0,"v2;w20;harm;aar;song60;far12;near45;tol0.8;floor0.25;drain0.5;bass0.25"
25263,1790793572040,Bb Menor,Bb Menor,0,Bb Menor,Db Maior,0.5969,0.5969,0.5826,0.0571,"Db Maior;Gb Maior;F# Menor",,0.00,,0.00,23.35,23.35,0,0,"v2;w20;harm;aar;song60;far12;near45;tol0.8;floor0.25;drain0.5;bass0.25"
25727,1790793572541,Bb Menor,Bb Menor,0,Bb Menor,Db Maior,0.6003,0.6003,0.5855,0.0590,"Db Maior;Gb Maior;F# Menor",,0.00,,0.00,23.83,23.83,0,0,"v2;w20;harm;aar;song60;far12;near45;tol0.8;floor0.25;drain0.5;bass0.25"
26192,1790793573041,Bb Menor,Bb Menor,0,Bb Menor,Db Maior,0.5980,0.5980,0.5835,0.0582,"Db Maior;Gb Maior;F# Menor",,0.00,,0.00,24.29,24.29,0,0,"v2;w20;harm;aar;song60;far12;near45;tol0.8;floor0.25;drain0.5;bass0.25"
26749,1790793573541,Bb Menor,Bb Menor,0,Bb Menor,Db Maior,0.6026,0.6026,0.5820,0.0821,"Db Maior;Gb Maior;F# Menor",,0.00,,0.00,24.85,24.85,0,0,"v2;w20;harm;aar;song60;far12;near45;tol0.8;floor0.25;drain0.5;bass0.25"
27213,1790793574041,Bb Menor,Bb Menor,0,Bb Menor,Db Maior,0.6049,0.6049,0.5822,0.0910,"Db Maior;Gb Maior;F# Menor",,0.00,,0.00,25.31,25.31,0,0,"v2;w20;harm;aar;song60;far12;near45;tol0.8;floor0.25;drain0.5;bass0.25"
27678,1790793574541,Bb Menor,Bb Menor,0,Bb Menor,Db Maior,0.6227,0.6227,0.5882,0.1383,"Db Maior;Gb Maior;F# Menor",,0.00,,0.00,25.77,25.77,0,0,"v2;w20;harm;aar;song60;far12;near45;tol0.8;floor0.25;drain0.5;bass0.25"
28142,1790793575042,Bb Menor,Bb Menor,0,Bb Menor,Db Maior,0.6300,0.6300,0.5937,0.1449,"Db Maior;Gb Maior;Eb Menor",,0.00,,0.00,26.25,26.25,0,0,"v2;w20;harm;aar;song60;far12;near45;tol0.8;floor0.25;drain0.5;bass0.25"
28699,1790793575541,Bb Menor,Bb Menor,0,Bb Menor,Db Maior,0.6360,0.6360,0.5988,0.1486,"Db Maior;Gb Maior;Eb Menor",,0.00,,0.00,26.81,26.81,0,0,"v2;w20;harm;aar;song60;far12;near45;tol0.8;floor0.25;drain0.5;bass0.25"
29257,1790793576041,Bb Menor,Bb Menor,0,Bb Menor,Db Maior,0.6461,0.6461,0.5980,0.1924,"Db Maior;Gb Maior;Eb Menor",,0.00,,0.00,27.35,27.35,0,0,"v2;w20;harm;aar;song60;far12;near45;tol0.8;floor0.25;drain0.5;bass0.25"
29721,1790793576542,Bb Menor,Bb Menor,0,Bb Menor,Db Maior,0.6415,0.6415,0.5969,0.1784,"Db Maior;Gb Maior;Eb Menor",,0.00,,0.00,27.83,27.83,0,0,"v2;w20;harm;aar;song60;far12;near45;tol0.8;floor0.25;drain0.5;bass0.25"
30185,1790793577041,Bb Menor,Bb Menor,0,Bb Menor,Db Maior,0.6449,0.6449,0.5969,0.1920,"Db Maior;Gb Maior;Eb Menor",,0.00,,0.00,28.29,28.29,0,0,"v2;w20;harm;aar;song60;far12;near45;tol0.8;floor0.25;drain0.5;bass0.25"
30743,1790793577541,Bb Menor,Bb Menor,0,Bb Menor,Db Maior,0.6495,0.6495,0.6080,0.1661,"Db Maior;Gb Maior;Eb Menor",,0.00,,0.00,28.85,28.85,0,0,"v2;w20;harm;aar;song60;far12;near45;tol0.8;floor0.25;drain0.5;bass0.25"
31207,1790793578042,Bb Menor,Bb Menor,0,Bb Menor,Db Maior,0.6409,0.6409,0.6049,0.1440,"Db Maior;Gb Maior;F# Menor",,0.00,,0.00,29.31,29.31,0,0,"v2;w20;harm;aar;song60;far12;near45;tol0.8;floor0.25;drain0.5;bass0.25"
31764,1790793578541,Bb Menor,Bb Menor,0,Bb Menor,Db Maior,0.6429,0.6429,0.6052,0.1506,"Db Maior;Gb Maior;Eb Menor",,0.00,,0.00,29.85,29.85,0,0,"v2;w20;harm;aar;song60;far12;near45;tol0.8;floor0.25;drain0.5;bass0.25"
32229,1790793579041,Bb Menor,Bb Menor,0,Bb Menor,Db Maior,0.6402,0.6402,0.6023,0.1516,"Db Maior;Gb Maior;F# Menor",,0.00,,0.00,30.33,30.33,0,1,"v2;w20;harm;aar;song60;far12;near45;tol0.8;floor0.25;drain0.5;bass0.25"
32693,1790793579541,Bb Menor,Bb Menor,0,Bb Menor,Db Maior,0.6437,0.6437,0.5999,0.1751,"Db Maior;Gb Maior;Eb Menor",,0.00,,0.00,30.79,30.79,0,1,"v2;w20;harm;aar;song60;far12;near45;tol0.8;floor0.25;drain0.5;bass0.25"
33158,1790793580041,Bb Menor,Bb Menor,0,Bb Menor,Db Maior,0.6374,0.6374,0.5965,0.1634,"Db Maior;Gb Maior;F# Menor",,0.00,,0.00,31.25,31.25,0,1,"v2;w20;harm;aar;song60;far12;near45;tol0.8;floor0.25;drain0.5;bass0.25"
33715,1790793580543,Bb Menor,Bb Menor,0,Bb Menor,Db Maior,0.6313,0.6313,0.5921,0.1566,"Db Maior;Gb Maior;F# Menor",,0.00,,0.00,31.81,31.81,0,1,"v2;w20;harm;aar;song60;far12;near45;tol0.8;floor0.25;drain0.5;bass0.25"
34179,1790793581041,Bb Menor,Bb Menor,0,Bb Menor,Db Maior,0.6270,0.6270,0.5965,0.1217,"Db Maior;Gb Maior;F# Menor",,0.00,,0.00,32.27,32.27,0,1,"v2;w20;harm;aar;song60;far12;near45;tol0.8;floor0.25;drain0.5;bass0.25"
34737,1790793581541,Bb Menor,Bb Menor,0,Bb Menor,Db Maior,0.6353,0.6353,0.5966,0.1546,"Db Maior;Gb Maior;F# Menor",,0.00,,0.00,32.85,32.85,0,1,"v2;w20;harm;aar;song60;far12;near45;tol0.8;floor0.25;drain0.5;bass0.25"
35201,1790793582041,Bb Menor,Bb Menor,0,Bb Menor,Db Maior,0.6331,0.6331,0.5932,0.1595,"Db Maior;Gb Maior;F# Menor",,0.00,,0.00,33.31,33.31,0,1,"v2;w20;harm;aar;song60;far12;near45;tol0.8;floor0.25;drain0.5;bass0.25"
35665,1790793582541,Bb Menor,Bb Menor,0,Bb Menor,Db Maior,0.6326,0.6326,0.5908,0.1671,"Db Maior;Gb Maior;F# Menor",,0.00,,0.00,33.75,33.75,0,1,"v2;w20;harm;aar;song60;far12;near45;tol0.8;floor0.25;drain0.5;bass0.25"
36223,1790793583042,Bb Menor,Bb Menor,0,Bb Menor,Gb Maior,0.6274,0.6274,0.5887,0.1550,"Gb Maior;Db Maior;F# Menor",,0.00,,0.00,34.33,34.33,0,1,"v2;w20;harm;aar;song60;far12;near45;tol0.8;floor0.25;drain0.5;bass0.25"
36687,1790793583542,Bb Menor,Bb Menor,0,Bb Menor,Gb Maior,0.6310,0.6310,0.5966,0.1378,"Gb Maior;Db Maior;F# Menor",,0.00,,0.00,34.79,34.79,0,1,"v2;w20;harm;aar;song60;far12;near45;tol0.8;floor0.25;drain0.5;bass0.25"
37244,1790793584041,Bb Menor,Bb Menor,0,Bb Menor,Gb Maior,0.6332,0.6332,0.6053,0.1117,"Gb Maior;Db Maior;F# Menor",,0.00,,0.00,35.35,35.35,0,1,"v2;w20;harm;aar;song60;far12;near45;tol0.8;floor0.25;drain0.5;bass0.25"
37709,1790793584542,Bb Menor,Bb Menor,0,Bb Menor,Gb Maior,0.6366,0.6366,0.6131,0.0939,"Gb Maior;Db Maior;F# Menor",,0.00,,0.00,35.81,35.81,0,1,"v2;w20;harm;aar;song60;far12;near45;tol0.8;floor0.25;drain0.5;bass0.25"
38266,1790793585042,Bb Menor,Bb Menor,0,Bb Menor,Db Maior,0.6457,0.6457,0.6176,0.1122,"Db Maior;Gb Maior;Eb Menor",,0.00,,0.00,36.35,36.35,0,1,"v2;w20;harm;aar;song60;far12;near45;tol0.8;floor0.25;drain0.5;bass0.25"
38730,1790793585542,Bb Menor,Bb Menor,0,Bb Menor,Db Maior,0.6478,0.6478,0.6185,0.1175,"Db Maior;Gb Maior;Eb Menor",,0.00,,0.00,36.83,36.83,0,1,"v2;w20;harm;aar;song60;far12;near45;tol0.8;floor0.25;drain0.5;bass0.25"
39195,1790793586040,Bb Menor,Bb Menor,0,Bb Menor,Db Maior,0.6467,0.6467,0.6189,0.1111,"Db Maior;Gb Maior;F# Menor",,0.00,,0.00,37.29,37.29,0,1,"v2;w20;harm;aar;song60;far12;near45;tol0.8;floor0.25;drain0.5;bass0.25"
39659,1790793586541,Bb Menor,Bb Menor,0,Bb Menor,Db Maior,0.6427,0.6427,0.6176,0.1003,"Db Maior;Gb Maior;F# Menor",,0.00,,0.00,37.77,37.77,0,1,"v2;w20;harm;aar;song60;far12;near45;tol0.8;floor0.25;drain0.5;bass0.25"
40216,1790793587042,Bb Menor,Bb Menor,0,Bb Menor,Db Maior,0.6401,0.6401,0.6171,0.0923,"Db Maior;Gb Maior;F# Menor",,0.00,,0.00,38.31,38.31,0,1,"v2;w20;harm;aar;song60;far12;near45;tol0.8;floor0.25;drain0.5;bass0.25"
40681,1790793587541,Bb Menor,Bb Menor,0,Bb Menor,Db Maior,0.6374,0.6374,0.6160,0.0858,"Db Maior;Gb Maior;F# Menor",,0.00,,0.00,38.77,38.77,0,1,"v2;w20;harm;aar;song60;far12;near45;tol0.8;floor0.25;drain0.5;bass0.25"
41238,1790793588041,Bb Menor,Bb Menor,0,Bb Menor,Db Maior,0.6363,0.6363,0.6230,0.0534,"Db Maior;Gb Maior;F# Menor",,0.00,,0.00,39.35,39.35,0,1,"v2;w20;harm;aar;song60;far12;near45;tol0.8;floor0.25;drain0.5;bass0.25"
41703,1790793588541,Bb Menor,Bb Menor,0,Bb Menor,Db Maior,0.6350,0.6350,0.6304,0.0184,"Db Maior;Gb Maior;F# Menor",,0.00,,0.00,39.81,39.81,0,1,"v2;w20;harm;aar;song60;far12;near45;tol0.8;floor0.25;drain0.5;bass0.25"
42167,1790793589041,Bb Menor,Bb Menor,0,Bb Menor,Db Maior,0.6401,0.6401,0.6318,0.0333,"Db Maior;Gb Maior;F# Menor",,0.00,,0.00,40.27,40.27,0,1,"v2;w20;harm;aar;song60;far12;near45;tol0.8;floor0.25;drain0.5;bass0.25"
42724,1790793589542,Bb Menor,Bb Menor,0,Bb Menor,Db Maior,0.6399,0.6399,0.6312,0.0350,"Db Maior;Gb Maior;F# Menor",,0.00,,0.00,40.83,40.83,0,1,"v2;w20;harm;aar;song60;far12;near45;tol0.8;floor0.25;drain0.5;bass0.25"
43189,1790793590042,Bb Menor,Bb Menor,0,Bb Menor,Db Maior,0.6425,0.6425,0.6309,0.0463,"Db Maior;Gb Maior;F# Menor",,0.00,,0.00,41.29,41.29,0,1,"v2;w20;harm;aar;song60;far12;near45;tol0.8;floor0.25;drain0.5;bass0.25"
43746,1790793590541,Bb Menor,Bb Menor,0,Bb Menor,Db Maior,0.6443,0.6443,0.6318,0.0501,"Db Maior;Gb Maior;F# Menor",,0.00,,0.00,41.85,41.85,0,1,"v2;w20;harm;aar;song60;far12;near45;tol0.8;floor0.25;drain0.5;bass0.25"
44210,1790793591041,Bb Menor,Bb Menor,0,Bb Menor,Db Maior,0.6476,0.6476,0.6362,0.0456,"Db Maior;Gb Maior;Eb Menor",,0.00,,0.00,42.31,42.31,0,1,"v2;w20;harm;aar;song60;far12;near45;tol0.8;floor0.25;drain0.5;bass0.25"
44675,1790793591541,Bb Menor,Bb Menor,0,Bb Menor,Db Maior,0.6498,0.6498,0.6402,0.0384,"Db Maior;Gb Maior;Eb Menor",,0.00,,0.00,42.77,42.77,0,1,"v2;w20;harm;aar;song60;far12;near45;tol0.8;floor0.25;drain0.5;bass0.25"
45232,1790793592041,Bb Menor,Bb Menor,0,Bb Menor,Db Maior,0.6541,0.6541,0.6442,0.0394,"Db Maior;Gb Maior;Eb Menor",,0.00,,0.00,43.33,43.33,0,1,"v2;w20;harm;aar;song60;far12;near45;tol0.8;floor0.25;drain0.5;bass0.25"
45696,1790793592542,Bb Menor,Bb Menor,0,Bb Menor,Db Maior,0.6589,0.6589,0.6536,0.0212,"Db Maior;Gb Maior;Eb Menor",,0.00,,0.00,43.79,43.79,0,1,"v2;w20;harm;aar;song60;far12;near45;tol0.8;floor0.25;drain0.5;bass0.25"
46161,1790793593041,Bb Menor,Bb Menor,0,Db Maior,Db Maior,0.6630,0.0000,0.6630,0.0000,"Db Maior;Gb Maior;Eb Menor",,0.00,,0.00,44.27,44.27,0,1,"v2;w20;harm;aar;song60;far12;near45;tol0.8;floor0.25;drain0.5;bass0.25"
46718,1790793593542,Bb Menor,Bb Menor,0,Bb Menor,Db Maior,0.6748,0.6748,0.6644,0.0416,"Db Maior;Gb Maior;Eb Menor",,0.00,,0.00,44.81,44.81,0,1,"v2;w20;harm;aar;song60;far12;near45;tol0.8;floor0.25;drain0.5;bass0.25"
47182,1790793594041,Bb Menor,Bb Menor,0,Bb Menor,Db Maior,0.6753,0.6753,0.6631,0.0485,"Db Maior;Gb Maior;Eb Menor",,0.00,,0.00,45.27,45.27,0,1,"v2;w20;harm;aar;song60;far12;near45;tol0.8;floor0.25;drain0.5;bass0.25"
47740,1790793594542,Bb Menor,Bb Menor,0,Bb Menor,Db Maior,0.6750,0.6750,0.6607,0.0571,"Db Maior;Gb Maior;Eb Menor",,0.00,,0.00,45.85,45.85,0,1,"v2;w20;harm;aar;song60;far12;near45;tol0.8;floor0.25;drain0.5;bass0.25"
48204,1790793595041,Bb Menor,Bb Menor,0,Bb Menor,Db Maior,0.6709,0.6709,0.6572,0.0547,"Db Maior;Gb Maior;Eb Menor",,0.00,,0.00,46.31,46.31,0,1,"v2;w20;harm;aar;song60;far12;near45;tol0.8;floor0.25;drain0.5;bass0.25"
48669,1790793595541,Bb Menor,Bb Menor,0,Bb Menor,Db Maior,0.6686,0.6686,0.6549,0.0550,"Db Maior;Gb Maior;Eb Menor",,0.00,,0.00,46.77,46.77,0,1,"v2;w20;harm;aar;song60;far12;near45;tol0.8;floor0.25;drain0.5;bass0.25"
49226,1790793596042,Bb Menor,Bb Menor,0,Bb Menor,Db Maior,0.6672,0.6672,0.6532,0.0560,"Db Maior;Gb Maior;Eb Menor",,0.00,,0.00,47.33,47.33,0,1,"v2;w20;harm;aar;song60;far12;near45;tol0.8;floor0.25;drain0.5;bass0.25"
49690,1790793596541,Bb Menor,Bb Menor,0,Bb Menor,Gb Maior,0.6680,0.6680,0.6544,0.0547,"Gb Maior;Db Maior;Eb Menor",,0.00,,0.00,47.79,47.79,0,1,"v2;w20;harm;aar;song60;far12;near45;tol0.8;floor0.25;drain0.5;bass0.25"
50247,1790793597041,Bb Menor,Bb Menor,0,Bb Menor,Gb Maior,0.6682,0.6682,0.6520,0.0646,"Gb Maior;Db Maior;Eb Menor",,0.00,,0.00,48.35,48.35,0,1,"v2;w20;harm;aar;song60;far12;near45;tol0.8;floor0.25;drain0.5;bass0.25"
50712,1790793597542,Bb Menor,Bb Menor,0,Bb Menor,Gb Maior,0.6653,0.6653,0.6517,0.0547,"Gb Maior;Db Maior;Eb Menor",,0.00,,0.00,48.81,48.81,0,1,"v2;w20;harm;aar;song60;far12;near45;tol0.8;floor0.25;drain0.5;bass0.25"
51176,1790793598042,Bb Menor,Bb Menor,0,Bb Menor,Gb Maior,0.6652,0.6652,0.6532,0.0481,"Gb Maior;Db Maior;Eb Menor",,0.00,,0.00,49.29,49.29,0,1,"v2;w20;harm;aar;song60;far12;near45;tol0.8;floor0.25;drain0.5;bass0.25"
51734,1790793598540,Bb Menor,Bb Menor,0,Bb Menor,Gb Maior,0.6605,0.6605,0.6569,0.0144,"Gb Maior;Db Maior;Eb Menor",,0.00,,0.00,49.83,49.83,0,1,"v2;w20;harm;aar;song60;far12;near45;tol0.8;floor0.25;drain0.5;bass0.25"
52198,1790793599041,Bb Menor,Bb Menor,0,Gb Maior,Gb Maior,0.6602,0.0000,0.6602,0.0000,"Gb Maior;Db Maior;Eb Menor",,0.00,,0.00,50.29,50.29,0,1,"v2;w20;harm;aar;song60;far12;near45;tol0.8;floor0.25;drain0.5;bass0.25"
52662,1790793599541,Bb Menor,Bb Menor,0,Gb Maior,Gb Maior,0.6640,0.0000,0.6640,0.0000,"Gb Maior;Db Maior;F# Menor",,0.00,,0.00,50.77,50.77,0,1,"v2;w20;harm;aar;song60;far12;near45;tol0.8;floor0.25;drain0.5;bass0.25"
53220,1790793600040,Bb Menor,Bb Menor,0,Gb Maior,Gb Maior,0.6691,0.0000,0.6691,0.0000,"Gb Maior;Db Maior;F# Menor",,0.00,,0.00,51.31,51.31,0,1,"v2;w20;harm;aar;song60;far12;near45;tol0.8;floor0.25;drain0.5;bass0.25"
53684,1790793600541,Bb Menor,Bb Menor,0,Gb Maior,Gb Maior,0.6748,0.0000,0.6748,0.0000,"Gb Maior;Db Maior;F# Menor",,0.00,,0.00,51.79,51.79,0,1,"v2;w20;harm;aar;song60;far12;near45;tol0.8;floor0.25;drain0.5;bass0.25"
54241,1790793601042,Bb Menor,Gb Maior,0,Gb Maior,Gb Maior,0.6786,0.0000,0.6786,0.0000,"Gb Maior;Db Maior;F# Menor",,0.00,,0.50,52.35,52.35,0,1,"v2;w20;harm;aar;song60;far12;near45;tol0.8;floor0.25;drain0.5;bass0.25"
54706,1790793601542,Bb Menor,Gb Maior,0,Gb Maior,Gb Maior,0.6842,0.0000,0.6842,0.0000,"Gb Maior;Db Maior;F# Menor",,0.00,,1.00,52.81,52.81,0,1,"v2;w20;harm;aar;song60;far12;near45;tol0.8;floor0.25;drain0.5;bass0.25"
55170,1790793602041,Bb Menor,Gb Maior,0,Gb Maior,Gb Maior,0.6886,0.0000,0.6886,0.0000,"Gb Maior;Db Maior;F# Menor",,0.00,,1.50,53.27,53.27,0,1,"v2;w20;harm;aar;song60;far12;near45;tol0.8;floor0.25;drain0.5;bass0.25"
55727,1790793602542,Bb Menor,Gb Maior,0,Gb Maior,Gb Maior,0.6912,0.0000,0.6912,0.0000,"Gb Maior;Db Maior;F# Menor",,0.00,,2.00,53.83,53.83,0,1,"v2;w20;harm;aar;song60;far12;near45;tol0.8;floor0.25;drain0.5;bass0.25"
56192,1790793603042,Bb Menor,Gb Maior,0,Gb Maior,Gb Maior,0.6921,0.0000,0.6921,0.0000,"Gb Maior;Db Maior;F# Menor",,0.00,,2.50,54.29,54.29,0,1,"v2;w20;harm;aar;song60;far12;near45;tol0.8;floor0.25;drain0.5;bass0.25"
56656,1790793603541,Bb Menor,Gb Maior,0,Gb Maior,Gb Maior,0.6929,0.0000,0.6929,0.0000,"Gb Maior;Db Maior;F# Menor",,0.00,,3.00,54.77,54.77,0,1,"v2;w20;harm;aar;song60;far12;near45;tol0.8;floor0.25;drain0.5;bass0.25"
57213,1790793604041,Bb Menor,Gb Maior,0,Gb Maior,Gb Maior,0.6914,0.0000,0.6914,0.0000,"Gb Maior;Db Maior;F# Menor",,0.00,,3.50,55.31,55.31,0,1,"v2;w20;harm;aar;song60;far12;near45;tol0.8;floor0.25;drain0.5;bass0.25"
57678,1790793604541,Bb Menor,Gb Maior,0,Gb Maior,Gb Maior,0.6916,0.0000,0.6916,0.0000,"Gb Maior;Db Maior;F# Menor",,0.00,,4.00,55.79,55.79,0,1,"v2;w20;harm;aar;song60;far12;near45;tol0.8;floor0.25;drain0.5;bass0.25"
58235,1790793605043,Bb Menor,Gb Maior,1,Gb Maior,Gb Maior,0.6900,0.0000,0.6900,0.0000,"Gb Maior;Db Maior;F# Menor",,0.00,,4.50,56.33,56.33,0,1,"v2;w20;harm;aar;song60;far12;near45;tol0.8;floor0.25;drain0.5;bass0.25"
58700,1790793605540,Bb Menor,Gb Maior,1,Gb Maior,Gb Maior,0.6913,0.0000,0.6913,0.0000,"Gb Maior;Db Maior;F# Menor",,0.00,,5.00,56.79,56.79,0,1,"v2;w20;harm;aar;song60;far12;near45;tol0.8;floor0.25;drain0.5;bass0.25"
59164,1790793606042,Bb Menor,Gb Maior,1,Gb Maior,Gb Maior,0.6870,0.0000,0.6870,0.0000,"Gb Maior;Db Maior;F# Menor",,0.00,,5.50,57.27,57.27,0,1,"v2;w20;harm;aar;song60;far12;near45;tol0.8;floor0.25;drain0.5;bass0.25"
59721,1790793606543,Bb Menor,Gb Maior,1,Gb Maior,Gb Maior,0.6893,0.0000,0.6893,0.0000,"Gb Maior;Db Maior;F# Menor",,0.00,,6.00,57.81,57.81,0,1,"v2;w20;harm;aar;song60;far12;near45;tol0.8;floor0.25;drain0.5;bass0.25"
60186,1790793607042,Bb Menor,Gb Maior,1,Gb Maior,Gb Maior,0.6884,0.0000,0.6884,0.0000,"Gb Maior;Db Maior;F# Menor",,0.00,,6.49,58.29,58.29,0,1,"v2;w20;harm;aar;song60;far12;near45;tol0.8;floor0.25;drain0.5;bass0.25"
60743,1790793607542,Bb Menor,Gb Maior,1,Gb Maior,Gb Maior,0.6875,0.0000,0.6875,0.0000,"Gb Maior;Db Maior;F# Menor",,0.00,,6.99,58.85,58.85,0,1,"v2;w20;harm;aar;song60;far12;near45;tol0.8;floor0.25;drain0.5;bass0.25"
61207,1790793608042,Bb Menor,Gb Maior,1,Gb Maior,Gb Maior,0.6875,0.0000,0.6875,0.0000,"Gb Maior;Db Maior;F# Menor",,0.00,,7.49,59.31,59.31,0,1,"v2;w20;harm;aar;song60;far12;near45;tol0.8;floor0.25;drain0.5;bass0.25"
61672,1790793608541,Bb Menor,Gb Maior,1,Gb Maior,Gb Maior,0.6883,0.0000,0.6883,0.0000,"Gb Maior;Db Maior;F# Menor",,0.00,,7.99,59.77,59.77,0,1,"v2;w20;harm;aar;song60;far12;near45;tol0.8;floor0.25;drain0.5;bass0.25"
62229,1790793609041,Bb Menor,Gb Maior,1,Gb Maior,Gb Maior,0.6904,0.0000,0.6904,0.0000,"Gb Maior;Db Maior;F# Menor",,0.00,,8.49,60.33,60.33,0,1,"v2;w20;harm;aar;song60;far12;near45;tol0.8;floor0.25;drain0.5;bass0.25"
62693,1790793609541,Bb Menor,Gb Maior,1,Gb Maior,Gb Maior,0.6909,0.0000,0.6909,0.0000,"Gb Maior;Db Maior;Eb Menor",,0.00,,8.99,60.81,60.81,0,1,"v2;w20;harm;aar;song60;far12;near45;tol0.8;floor0.25;drain0.5;bass0.25"
63251,1790793610042,Bb Menor,Gb Maior,1,Gb Maior,Gb Maior,0.6892,0.0000,0.6892,0.0000,"Gb Maior;Db Maior;Eb Menor",,0.00,,9.49,61.35,61.35,0,1,"v2;w20;harm;aar;song60;far12;near45;tol0.8;floor0.25;drain0.5;bass0.25"
63715,1790793610540,Bb Menor,Gb Maior,1,Gb Maior,Gb Maior,0.6905,0.0000,0.6905,0.0000,"Gb Maior;Db Maior;Eb Menor",,0.00,,9.99,61.81,61.81,0,1,"v2;w20;harm;aar;song60;far12;near45;tol0.8;floor0.25;drain0.5;bass0.25"
64179,1790793611042,Bb Menor,Gb Maior,1,Gb Maior,Gb Maior,0.6896,0.0000,0.6896,0.0000,"Gb Maior;Db Maior;Eb Menor",,0.00,,10.49,62.29,62.29,0,1,"v2;w20;harm;aar;song60;far12;near45;tol0.8;floor0.25;drain0.5;bass0.25"
64737,1790793611543,Bb Menor,Gb Maior,1,Gb Maior,Gb Maior,0.6939,0.0000,0.6939,0.0000,"Gb Maior;Db Maior;G# Menor",,0.00,,10.99,62.83,62.83,0,1,"v2;w20;harm;aar;song60;far12;near45;tol0.8;floor0.25;drain0.5;bass0.25"
65201,1790793612042,Bb Menor,Gb Maior,1,Gb Maior,Gb Maior,0.6966,0.0000,0.6966,0.0000,"Gb Maior;Db Maior;G# Menor",,0.00,,11.49,63.31,63.31,0,1,"v2;w20;harm;aar;song60;far12;near45;tol0.8;floor0.25;drain0.5;bass0.25"
65666,1790793612542,Bb Menor,Gb Maior,1,Gb Maior,Gb Maior,0.7001,0.0000,0.7001,0.0000,"Gb Maior;Db Maior;G# Menor",,0.00,,11.99,63.77,63.77,0,1,"v2;w20;harm;aar;song60;far12;near45;tol0.8;floor0.25;drain0.5;bass0.25"
66223,1790793613043,Bb Menor,Gb Maior,1,Gb Maior,Gb Maior,0.7050,0.0000,0.7050,0.0000,"Gb Maior;Db Maior;G# Menor",,0.00,,12.49,64.31,64.31,0,1,"v2;w20;harm;aar;song60;far12;near45;tol0.8;floor0.25;drain0.5;bass0.25"
66687,1790793613542,Bb Menor,Gb Maior,1,Gb Maior,Gb Maior,0.7102,0.0000,0.7102,0.0000,"Gb Maior;Db Maior;G# Menor",,0.00,,12.99,64.79,64.79,0,1,"v2;w20;harm;aar;song60;far12;near45;tol0.8;floor0.25;drain0.5;bass0.25"
67244,1790793614041,Bb Menor,Gb Maior,1,Gb Maior,Gb Maior,0.7122,0.0000,0.7122,0.0000,"Gb Maior;Db Maior;G# Menor",,0.00,,13.49,65.35,65.35,0,1,"v2;w20;harm;aar;song60;far12;near45;tol0.8;floor0.25;drain0.5;bass0.25"
67709,1790793614540,Bb Menor,Gb Maior,1,Gb Maior,Gb Maior,0.7117,0.0000,0.7117,0.0000,"Gb Maior;Db Maior;G# Menor",,0.00,,13.99,65.81,65.81,0,1,"v2;w20;harm;aar;song60;far12;near45;tol0.8;floor0.25;drain0.5;bass0.25"
68173,1790793615042,Bb Menor,Gb Maior,1,Gb Maior,Gb Maior,0.7169,0.0000,0.7169,0.0000,"Gb Maior;Db Maior;G# Menor",,0.00,,14.49,66.27,66.27,0,1,"v2;w20;harm;aar;song60;far12;near45;tol0.8;floor0.25;drain0.5;bass0.25"
68731,1790793615541,Bb Menor,Gb Maior,1,Gb Maior,Gb Maior,0.7230,0.0000,0.7230,0.0000,"Gb Maior;Db Maior;G# Menor",,0.00,,14.99,66.83,66.83,0,1,"v2;w20;harm;aar;song60;far12;near45;tol0.8;floor0.25;drain0.5;bass0.25"
69195,1790793616042,Bb Menor,Gb Maior,1,Gb Maior,Gb Maior,0.7222,0.0000,0.7222,0.0000,"Gb Maior;Db Maior;G# Menor",,0.00,,15.49,67.31,67.31,0,1,"v2;w20;harm;aar;song60;far12;near45;tol0.8;floor0.25;drain0.5;bass0.25"
69752,1790793616542,Bb Menor,Gb Maior,1,Gb Maior,Gb Maior,0.7214,0.0000,0.7214,0.0000,"Gb Maior;Db Maior;G# Menor",,0.00,,15.99,67.85,67.85,0,1,"v2;w20;harm;aar;song60;far12;near45;tol0.8;floor0.25;drain0.5;bass0.25"
70217,1790793617042,Bb Menor,Gb Maior,1,Db Maior,Db Maior,0.7184,0.0000,0.7184,0.0000,"Db Maior;Gb Maior;G# Menor",,0.00,,16.49,68.31,68.31,0,1,"v2;w20;harm;aar;song60;far12;near45;tol0.8;floor0.25;drain0.5;bass0.25"
70681,1790793617542,Bb Menor,Gb Maior,1,Gb Maior,Gb Maior,0.7194,0.0000,0.7194,0.0000,"Gb Maior;Db Maior;G# Menor",,0.00,,16.99,68.79,68.79,0,1,"v2;w20;harm;aar;song60;far12;near45;tol0.8;floor0.25;drain0.5;bass0.25"
71238,1790793618041,Bb Menor,Gb Maior,1,Db Maior,Db Maior,0.7179,0.0000,0.7179,0.0000,"Db Maior;Gb Maior;G# Menor",,0.00,,17.48,69.33,69.33,0,1,"v2;w20;harm;aar;song60;far12;near45;tol0.8;floor0.25;drain0.5;bass0.25"
71703,1790793618542,Bb Menor,Gb Maior,1,Db Maior,Db Maior,0.7196,0.0000,0.7196,0.0000,"Db Maior;Gb Maior;G# Menor",,0.00,,17.98,69.81,69.81,0,1,"v2;w20;harm;aar;song60;far12;near45;tol0.8;floor0.25;drain0.5;bass0.25"
72167,1790793619042,Bb Menor,Gb Maior,1,Db Maior,Db Maior,0.7209,0.0000,0.7209,0.0000,"Db Maior;Gb Maior;Eb Menor",,0.00,,18.48,70.27,70.27,0,1,"v2;w20;harm;aar;song60;far12;near45;tol0.8;floor0.25;drain0.5;bass0.25"
72724,1790793619543,Bb Menor,Gb Maior,1,Db Maior,Db Maior,0.7217,0.0000,0.7217,0.0000,"Db Maior;Gb Maior;Eb Menor",,0.00,,18.98,70.81,70.81,0,1,"v2;w20;harm;aar;song60;far12;near45;tol0.8;floor0.25;drain0.5;bass0.25"
73189,1790793620042,Bb Menor,Gb Maior,1,Db Maior,Db Maior,0.7220,0.0000,0.7220,0.0000,"Db Maior;Gb Maior;Eb Menor",,0.00,,19.48,71.29,71.29,0,1,"v2;w20;harm;aar;song60;far12;near45;tol0.8;floor0.25;drain0.5;bass0.25"
73746,1790793620540,Bb Menor,Gb Maior,1,Db Maior,Db Maior,0.7238,0.0000,0.7238,0.0000,"Db Maior;Gb Maior;Eb Menor",,0.00,,19.98,71.85,71.85,0,1,"v2;w20;harm;aar;song60;far12;near45;tol0.8;floor0.25;drain0.5;bass0.25"
74210,1790793621038,Bb Menor,Gb Maior,1,Db Maior,Db Maior,0.7197,0.0000,0.7197,0.0000,"Db Maior;Gb Maior;Eb Menor",,0.00,,20.48,72.32,72.32,0,1,"v2;w20;harm;aar;song60;far12;near45;tol0.8;floor0.25;drain0.5;bass0.25"
74675,1790793621541,Bb Menor,Gb Maior,1,Db Maior,Db Maior,0.7171,0.0000,0.7171,0.0000,"Db Maior;Gb Maior;Eb Menor",,0.00,,20.98,72.76,72.76,0,1,"v2;w20;harm;aar;song60;far12;near45;tol0.8;floor0.25;drain0.5;bass0.25"
75232,1790793622041,Bb Menor,Gb Maior,1,Db Maior,Db Maior,0.7173,0.0000,0.7173,0.0000,"Db Maior;Gb Maior;Eb Menor",,0.00,,21.48,73.33,73.33,0,1,"v2;w20;harm;aar;song60;far12;near45;tol0.8;floor0.25;drain0.5;bass0.25"
75697,1790793622539,Bb Menor,Gb Maior,1,Db Maior,Db Maior,0.7184,0.0000,0.7184,0.0000,"Db Maior;Gb Maior;Eb Menor",,0.00,,21.98,73.81,73.81,0,1,"v2;w20;harm;aar;song60;far12;near45;tol0.8;floor0.25;drain0.5;bass0.25"
76254,1790793623043,Bb Menor,Gb Maior,1,Db Maior,Db Maior,0.7172,0.0000,0.7172,0.0000,"Db Maior;Gb Maior;Eb Menor",,0.00,,22.48,74.35,74.35,0,1,"v2;w20;harm;aar;song60;far12;near45;tol0.8;floor0.25;drain0.5;bass0.25"
76718,1790793623542,Bb Menor,Gb Maior,1,Db Maior,Db Maior,0.7183,0.0000,0.7183,0.0000,"Db Maior;Gb Maior;Eb Menor",,0.00,,22.98,74.83,74.83,0,1,"v2;w20;harm;aar;song60;far12;near45;tol0.8;floor0.25;drain0.5;bass0.25"
77183,1790793624042,Bb Menor,Gb Maior,1,Db Maior,Db Maior,0.7180,0.0000,0.7180,0.0000,"Db Maior;Gb Maior;Eb Menor",,0.00,,23.48,75.29,75.29,0,1,"v2;w20;harm;aar;song60;far12;near45;tol0.8;floor0.25;drain0.5;bass0.25"
77740,1790793624542,Bb Menor,Db Maior,1,Db Maior,Db Maior,0.7176,0.0000,0.7176,0.0000,"Db Maior;Gb Maior;Eb Menor",,0.00,,0.00,75.83,75.83,0,1,"v2;w20;harm;aar;song60;far12;near45;tol0.8;floor0.25;drain0.5;bass0.25"
78204,1790793625041,Bb Menor,Db Maior,1,Db Maior,Db Maior,0.7181,0.0000,0.7181,0.0000,"Db Maior;Gb Maior;Eb Menor",,0.00,,0.00,76.31,76.31,0,1,"v2;w20;harm;aar;song60;far12;near45;tol0.8;floor0.25;drain0.5;bass0.25"
78669,1790793625542,Bb Menor,Db Maior,1,Db Maior,Db Maior,0.7170,0.0000,0.7170,0.0000,"Db Maior;Gb Maior;Eb Menor",,0.00,,0.00,76.77,76.77,0,1,"v2;w20;harm;aar;song60;far12;near45;tol0.8;floor0.25;drain0.5;bass0.25"
79226,1790793626043,Bb Menor,Db Maior,1,Db Maior,Db Maior,0.7153,0.0000,0.7153,0.0000,"Db Maior;Gb Maior;Eb Menor",,0.00,,0.00,77.31,77.31,0,1,"v2;w20;harm;aar;song60;far12;near45;tol0.8;floor0.25;drain0.5;bass0.25"
79690,1790793626541,Bb Menor,Db Maior,1,Db Maior,Db Maior,0.7123,0.0000,0.7123,0.0000,"Db Maior;Gb Maior;Eb Menor",,0.00,,0.00,77.79,77.79,0,1,"v2;w20;harm;aar;song60;far12;near45;tol0.8;floor0.25;drain0.5;bass0.25"
80248,1790793627043,Bb Menor,Db Maior,1,Db Maior,Db Maior,0.7110,0.0000,0.7110,0.0000,"Db Maior;Gb Maior;Eb Menor",,0.00,,0.00,78.35,78.35,0,1,"v2;w20;harm;aar;song60;far12;near45;tol0.8;floor0.25;drain0.5;bass0.25"
80712,1790793627542,Bb Menor,Db Maior,1,Db Maior,Db Maior,0.7126,0.0000,0.7126,0.0000,"Db Maior;Gb Maior;Eb Menor",,0.00,,0.00,78.83,78.83,0,1,"v2;w20;harm;aar;song60;far12;near45;tol0.8;floor0.25;drain0.5;bass0.25"
81176,1790793628042,Bb Menor,Db Maior,1,Db Maior,Db Maior,0.7115,0.0000,0.7115,0.0000,"Db Maior;Gb Maior;Eb Menor",,0.00,,0.00,79.27,79.27,0,1,"v2;w20;harm;aar;song60;far12;near45;tol0.8;floor0.25;drain0.5;bass0.25"
81734,1790793628543,Bb Menor,Db Maior,1,Db Maior,Db Maior,0.7152,0.0000,0.7152,0.0000,"Db Maior;Gb Maior;Eb Menor",,0.00,,0.00,79.83,79.83,0,1,"v2;w20;harm;aar;song60;far12;near45;tol0.8;floor0.25;drain0.5;bass0.25"
82198,1790793629042,Bb Menor,Db Maior,1,Db Maior,Db Maior,0.7177,0.0000,0.7177,0.0000,"Db Maior;Gb Maior;Eb Menor",,0.00,,0.00,80.31,80.31,0,1,"v2;w20;harm;aar;song60;far12;near45;tol0.8;floor0.25;drain0.5;bass0.25"
82755,1790793629542,Bb Menor,Db Maior,1,Db Maior,Db Maior,0.7186,0.0000,0.7186,0.0000,"Db Maior;Gb Maior;Eb Menor",,0.00,,0.00,80.85,80.85,0,1,"v2;w20;harm;aar;song60;far12;near45;tol0.8;floor0.25;drain0.5;bass0.25"
83220,1790793630042,Bb Menor,Db Maior,1,Db Maior,Db Maior,0.7242,0.0000,0.7242,0.0000,"Db Maior;Gb Maior;Eb Menor",,0.00,,0.00,81.33,81.33,0,1,"v2;w20;harm;aar;song60;far12;near45;tol0.8;floor0.25;drain0.5;bass0.25"
83684,1790793630541,Bb Menor,Db Maior,1,Db Maior,Db Maior,0.7280,0.0000,0.7280,0.0000,"Db Maior;Gb Maior;Eb Menor",,0.00,,0.00,81.79,81.79,0,1,"v2;w20;harm;aar;song60;far12;near45;tol0.8;floor0.25;drain0.5;bass0.25"
84241,1790793631042,Bb Menor,Db Maior,1,Db Maior,Db Maior,0.7251,0.0000,0.7251,0.0000,"Db Maior;Gb Maior;Eb Menor",,0.00,,0.00,82.33,82.33,0,1,"v2;w20;harm;aar;song60;far12;near45;tol0.8;floor0.25;drain0.5;bass0.25"
84706,1790793631542,Bb Menor,Db Maior,1,Db Maior,Db Maior,0.7237,0.0000,0.7237,0.0000,"Db Maior;Gb Maior;Eb Menor",,0.00,,0.00,82.81,82.81,0,1,"v2;w20;harm;aar;song60;far12;near45;tol0.8;floor0.25;drain0.5;bass0.25"
85170,1790793632042,Bb Menor,Db Maior,1,Db Maior,Db Maior,0.7250,0.0000,0.7250,0.0000,"Db Maior;Gb Maior;Eb Menor",,0.00,,0.00,83.27,83.27,0,1,"v2;w20;harm;aar;song60;far12;near45;tol0.8;floor0.25;drain0.5;bass0.25"
85728,1790793632543,Bb Menor,Db Maior,1,Db Maior,Db Maior,0.7245,0.0000,0.7245,0.0000,"Db Maior;Gb Maior;Eb Menor",,0.00,,0.00,83.83,83.83,0,1,"v2;w20;harm;aar;song60;far12;near45;tol0.8;floor0.25;drain0.5;bass0.25"
86192,1790793633041,Bb Menor,Db Maior,1,Db Maior,Db Maior,0.7302,0.0000,0.7302,0.0000,"Db Maior;Gb Maior;Eb Menor",,0.00,,0.00,84.29,84.29,0,1,"v2;w20;harm;aar;song60;far12;near45;tol0.8;floor0.25;drain0.5;bass0.25"
86749,1790793633542,Bb Menor,Db Maior,1,Db Maior,Db Maior,0.7288,0.0000,0.7288,0.0000,"Db Maior;Gb Maior;Eb Menor",,0.00,,0.00,84.85,84.85,0,1,"v2;w20;harm;aar;song60;far12;near45;tol0.8;floor0.25;drain0.5;bass0.25"
87214,1790793634042,Bb Menor,Db Maior,1,Db Maior,Db Maior,0.7263,0.0000,0.7263,0.0000,"Db Maior;Gb Maior;Eb Menor",,0.00,,0.00,85.33,85.33,0,1,"v2;w20;harm;aar;song60;far12;near45;tol0.8;floor0.25;drain0.5;bass0.25"
87678,1790793634542,Bb Menor,Db Maior,1,Db Maior,Db Maior,0.7210,0.0000,0.7210,0.0000,"Db Maior;Gb Maior;Eb Menor",,0.00,,0.00,85.77,85.77,0,1,"v2;w20;harm;aar;song60;far12;near45;tol0.8;floor0.25;drain0.5;bass0.25"
88235,1790793635042,Bb Menor,Db Maior,1,Db Maior,Db Maior,0.7211,0.0000,0.7211,0.0000,"Db Maior;Gb Maior;Eb Menor",,0.00,,0.00,86.35,86.35,0,1,"v2;w20;harm;aar;song60;far12;near45;tol0.8;floor0.25;drain0.5;bass0.25"
88700,1790793635543,Bb Menor,Db Maior,1,Db Maior,Db Maior,0.7192,0.0000,0.7192,0.0000,"Db Maior;Gb Maior;Eb Menor",,0.00,,0.00,86.81,86.81,0,1,"v2;w20;harm;aar;song60;far12;near45;tol0.8;floor0.25;drain0.5;bass0.25"
89257,1790793636041,Bb Menor,Db Maior,1,Db Maior,Db Maior,0.7199,0.0000,0.7199,0.0000,"Db Maior;Gb Maior;Eb Menor",,0.00,,0.00,87.35,87.35,0,1,"v2;w20;harm;aar;song60;far12;near45;tol0.8;floor0.25;drain0.5;bass0.25"
89721,1790793636543,Bb Menor,Db Maior,1,Db Maior,Db Maior,0.7186,0.0000,0.7186,0.0000,"Db Maior;Gb Maior;Eb Menor",,0.00,,0.00,87.83,87.83,0,1,"v2;w20;harm;aar;song60;far12;near45;tol0.8;floor0.25;drain0.5;bass0.25"
90186,1790793637039,Bb Menor,Db Maior,1,Db Maior,Db Maior,0.7212,0.0000,0.7212,0.0000,"Db Maior;Gb Maior;Eb Menor",,0.00,,0.00,88.29,88.29,0,1,"v2;w20;harm;aar;song60;far12;near45;tol0.8;floor0.25;drain0.5;bass0.25"
90743,1790793637542,Bb Menor,Db Maior,1,Db Maior,Db Maior,0.7274,0.0000,0.7274,0.0000,"Db Maior;Gb Maior;Eb Menor",,0.00,,0.00,88.83,88.83,0,1,"v2;w20;harm;aar;song60;far12;near45;tol0.8;floor0.25;drain0.5;bass0.25"
91207,1790793638043,Bb Menor,Db Maior,1,Db Maior,Db Maior,0.7282,0.0000,0.7282,0.0000,"Db Maior;Gb Maior;Eb Menor",,0.00,,0.00,89.31,89.31,0,1,"v2;w20;harm;aar;song60;far12;near45;tol0.8;floor0.25;drain0.5;bass0.25"
91672,1790793638541,Bb Menor,Db Maior,1,Db Maior,Db Maior,0.7294,0.0000,0.7294,0.0000,"Db Maior;Gb Maior;Eb Menor",,0.00,,0.00,89.77,89.77,0,1,"v2;w20;harm;aar;song60;far12;near45;tol0.8;floor0.25;drain0.5;bass0.25"
92229,1790793639041,Bb Menor,Db Maior,1,Db Maior,Db Maior,0.7360,0.0000,0.7360,0.0000,"Db Maior;Gb Maior;Eb Menor",,0.00,,0.00,90.33,90.33,0,1,"v2;w20;harm;aar;song60;far12;near45;tol0.8;floor0.25;drain0.5;bass0.25"
92694,1790793639542,Bb Menor,Db Maior,1,Db Maior,Db Maior,0.7353,0.0000,0.7353,0.0000,"Db Maior;Gb Maior;Eb Menor",,0.00,,0.00,90.79,90.79,0,1,"v2;w20;harm;aar;song60;far12;near45;tol0.8;floor0.25;drain0.5;bass0.25"
93158,1790793640041,Bb Menor,Db Maior,1,Gb Maior,Gb Maior,0.7388,0.0000,0.7388,0.0000,"Gb Maior;Db Maior;Eb Menor",,0.00,,0.00,91.26,91.26,0,1,"v2;w20;harm;aar;song60;far12;near45;tol0.8;floor0.25;drain0.5;bass0.25"
93715,1790793640542,Bb Menor,Db Maior,1,Gb Maior,Gb Maior,0.7431,0.0000,0.7431,0.0000,"Gb Maior;Db Maior;Eb Menor",,0.00,,0.00,91.83,91.83,0,1,"v2;w20;harm;aar;song60;far12;near45;tol0.8;floor0.25;drain0.5;bass0.25"
94180,1790793641043,Bb Menor,Db Maior,1,Gb Maior,Gb Maior,0.7466,0.0000,0.7466,0.0000,"Gb Maior;Db Maior;Eb Menor",,0.00,,0.00,92.27,92.27,0,1,"v2;w20;harm;aar;song60;far12;near45;tol0.8;floor0.25;drain0.5;bass0.25"
94737,1790793641540,Bb Menor,Db Maior,1,Gb Maior,Gb Maior,0.7487,0.0000,0.7487,0.0000,"Gb Maior;Db Maior;Eb Menor",,0.00,,0.00,92.85,92.85,0,1,"v2;w20;harm;aar;song60;far12;near45;tol0.8;floor0.25;drain0.5;bass0.25"
95201,1790793642042,Bb Menor,Db Maior,1,Gb Maior,Gb Maior,0.7462,0.0000,0.7462,0.0000,"Gb Maior;Db Maior;Eb Menor",,0.00,,0.00,93.31,93.31,0,1,"v2;w20;harm;aar;song60;far12;near45;tol0.8;floor0.25;drain0.5;bass0.25"
95666,1790793642546,Bb Menor,Db Maior,1,Gb Maior,Gb Maior,0.7465,0.0000,0.7465,0.0000,"Gb Maior;Db Maior;Eb Menor",,0.00,,0.00,93.77,93.77,0,1,"v2;w20;harm;aar;song60;far12;near45;tol0.8;floor0.25;drain0.5;bass0.25"
96223,1790793643043,Bb Menor,Db Maior,1,Gb Maior,Gb Maior,0.7465,0.0000,0.7465,0.0000,"Gb Maior;Db Maior;Eb Menor",,0.00,,0.00,94.33,94.33,0,1,"v2;w20;harm;aar;song60;far12;near45;tol0.8;floor0.25;drain0.5;bass0.25"
96687,1790793643542,Bb Menor,Db Maior,1,Gb Maior,Gb Maior,0.7468,0.0000,0.7468,0.0000,"Gb Maior;Db Maior;Eb Menor",,0.00,,0.00,94.79,94.79,0,1,"v2;w20;harm;aar;song60;far12;near45;tol0.8;floor0.25;drain0.5;bass0.25"
97245,1790793644041,Bb Menor,Db Maior,1,Gb Maior,Gb Maior,0.7471,0.0000,0.7471,0.0000,"Gb Maior;Db Maior;Eb Menor",,0.00,,0.00,95.35,95.35,0,1,"v2;w20;harm;aar;song60;far12;near45;tol0.8;floor0.25;drain0.5;bass0.25"
97709,1790793644542,Bb Menor,Db Maior,1,Gb Maior,Gb Maior,0.7480,0.0000,0.7480,0.0000,"Gb Maior;Db Maior;Eb Menor",,0.00,,0.00,95.81,95.81,0,1,"v2;w20;harm;aar;song60;far12;near45;tol0.8;floor0.25;drain0.5;bass0.25"
98173,1790793645042,Bb Menor,Db Maior,1,Gb Maior,Gb Maior,0.7482,0.0000,0.7482,0.0000,"Gb Maior;Db Maior;Eb Menor",,0.00,,0.00,96.27,96.27,0,1,"v2;w20;harm;aar;song60;far12;near45;tol0.8;floor0.25;drain0.5;bass0.25"
98731,1790793645543,Bb Menor,Gb Maior,1,Gb Maior,Gb Maior,0.7511,0.0000,0.7511,0.0000,"Gb Maior;Db Maior;Eb Menor",,0.00,,0.50,96.83,96.83,0,1,"v2;w20;harm;aar;song60;far12;near45;tol0.8;floor0.25;drain0.5;bass0.25"
99195,1790793646042,Bb Menor,Gb Maior,1,Gb Maior,Gb Maior,0.7491,0.0000,0.7491,0.0000,"Gb Maior;Db Maior;Eb Menor",,0.00,,1.00,97.29,97.29,0,1,"v2;w20;harm;aar;song60;far12;near45;tol0.8;floor0.25;drain0.5;bass0.25"
99660,1790793646542,Bb Menor,Gb Maior,1,Gb Maior,Gb Maior,0.7502,0.0000,0.7502,0.0000,"Gb Maior;Db Maior;Eb Menor",,0.00,,1.50,97.75,97.75,0,1,"v2;w20;harm;aar;song60;far12;near45;tol0.8;floor0.25;drain0.5;bass0.25"
100217,1790793647042,Bb Menor,Gb Maior,1,Gb Maior,Gb Maior,0.7502,0.0000,0.7502,0.0000,"Gb Maior;Db Maior;Eb Menor",,0.00,,2.00,98.33,98.33,0,1,"v2;w20;harm;aar;song60;far12;near45;tol0.8;floor0.25;drain0.5;bass0.25"
100681,1790793647541,Bb Menor,Gb Maior,1,Gb Maior,Gb Maior,0.7500,0.0000,0.7500,0.0000,"Gb Maior;Db Maior;Eb Menor",,0.00,,2.50,98.77,98.77,0,1,"v2;w20;harm;aar;song60;far12;near45;tol0.8;floor0.25;drain0.5;bass0.25"
101239,1790793648041,Bb Menor,Gb Maior,1,Db Maior,Db Maior,0.7507,0.0000,0.7507,0.0000,"Db Maior;Gb Maior;Eb Menor",,0.00,,3.00,99.35,99.35,0,1,"v2;w20;harm;aar;song60;far12;near45;tol0.8;floor0.25;drain0.5;bass0.25"
101703,1790793648541,Bb Menor,Gb Maior,1,Db Maior,Db Maior,0.7519,0.0000,0.7519,0.0000,"Db Maior;Gb Maior;Eb Menor",,0.00,,3.50,99.81,99.81,0,1,"v2;w20;harm;aar;song60;far12;near45;tol0.8;floor0.25;drain0.5;bass0.25"
102260,1790793649041,Bb Menor,Gb Maior,1,Db Maior,Db Maior,0.7560,0.0000,0.7560,0.0000,"Db Maior;Gb Maior;Eb Menor",,0.00,,3.99,100.35,100.35,0,1,"v2;w20;harm;aar;song60;far12;near45;tol0.8;floor0.25;drain0.5;bass0.25"
102725,1790793649542,Bb Menor,Gb Maior,1,Db Maior,Db Maior,0.7590,0.0000,0.7590,0.0000,"Db Maior;Gb Maior;Eb Menor",,0.00,,4.50,100.83,100.83,0,1,"v2;w20;harm;aar;song60;far12;near45;tol0.8;floor0.25;drain0.5;bass0.25"
103189,1790793650041,Bb Menor,Gb Maior,1,Db Maior,Db Maior,0.7583,0.0000,0.7583,0.0000,"Db Maior;Gb Maior;Eb Menor",,0.00,,4.99,101.29,101.29,0,1,"v2;w20;harm;aar;song60;far12;near45;tol0.8;floor0.25;drain0.5;bass0.25"
103746,1790793650541,Bb Menor,Gb Maior,1,Db Maior,Db Maior,0.7605,0.0000,0.7605,0.0000,"Db Maior;Gb Maior;Eb Menor",,0.00,,5.49,101.85,101.85,0,1,"v2;w20;harm;aar;song60;far12;near45;tol0.8;floor0.25;drain0.5;bass0.25"
104211,1790793651043,Bb Menor,Gb Maior,1,Db Maior,Db Maior,0.7602,0.0000,0.7602,0.0000,"Db Maior;Gb Maior;Eb Menor",,0.00,,5.99,102.31,102.31,0,1,"v2;w20;harm;aar;song60;far12;near45;tol0.8;floor0.25;drain0.5;bass0.25"
104675,1790793651542,Bb Menor,Gb Maior,1,Db Maior,Db Maior,0.7581,0.0000,0.7581,0.0000,"Db Maior;Gb Maior;Eb Menor",,0.00,,6.49,102.77,102.77,0,1,"v2;w20;harm;aar;song60;far12;near45;tol0.8;floor0.25;drain0.5;bass0.25"
105232,1790793652043,Bb Menor,Gb Maior,1,Db Maior,Db Maior,0.7581,0.0000,0.7581,0.0000,"Db Maior;Gb Maior;Eb Menor",,0.00,,6.99,103.33,103.33,0,1,"v2;w20;harm;aar;song60;far12;near45;tol0.8;floor0.25;drain0.5;bass0.25"
105697,1790793652542,Bb Menor,Gb Maior,1,Db Maior,Db Maior,0.7577,0.0000,0.7577,0.0000,"Db Maior;Gb Maior;Eb Menor",,0.00,,7.49,103.79,103.79,0,1,"v2;w20;harm;aar;song60;far12;near45;tol0.8;floor0.25;drain0.5;bass0.25"
106161,1790793653042,Bb Menor,Gb Maior,1,Db Maior,Db Maior,0.7573,0.0000,0.7573,0.0000,"Db Maior;Gb Maior;Eb Menor",,0.00,,7.99,104.27,104.27,0,1,"v2;w20;harm;aar;song60;far12;near45;tol0.8;floor0.25;drain0.5;bass0.25"
106718,1790793653543,Bb Menor,Gb Maior,1,Db Maior,Db Maior,0.7560,0.0000,0.7560,0.0000,"Db Maior;Gb Maior;Eb Menor",,0.00,,8.49,104.83,104.83,0,1,"v2;w20;harm;aar;song60;far12;near45;tol0.8;floor0.25;drain0.5;bass0.25"
107183,1790793654042,Bb Menor,Gb Maior,1,Db Maior,Db Maior,0.7566,0.0000,0.7566,0.0000,"Db Maior;Gb Maior;Eb Menor",,0.00,,8.99,105.27,105.27,0,1,"v2;w20;harm;aar;song60;far12;near45;tol0.8;floor0.25;drain0.5;bass0.25"
107740,1790793654542,Bb Menor,Gb Maior,1,Db Maior,Db Maior,0.7567,0.0000,0.7567,0.0000,"Db Maior;Gb Maior;Eb Menor",,0.00,,9.49,105.85,105.85,0,1,"v2;w20;harm;aar;song60;far12;near45;tol0.8;floor0.25;drain0.5;bass0.25"
108204,1790793655042,Bb Menor,Gb Maior,1,Db Maior,Db Maior,0.7571,0.0000,0.7571,0.0000,"Db Maior;Gb Maior;Eb Menor",,0.00,,9.99,106.31,106.31,0,1,"v2;w20;harm;aar;song60;far12;near45;tol0.8;floor0.25;drain0.5;bass0.25"
108669,1790793655542,Bb Menor,Gb Maior,1,Gb Maior,Gb Maior,0.7577,0.0000,0.7577,0.0000,"Gb Maior;Db Maior;Eb Menor",,0.00,,10.49,106.77,106.77,0,1,"v2;w20;harm;aar;song60;far12;near45;tol0.8;floor0.25;drain0.5;bass0.25"
109226,1790793656042,Bb Menor,Gb Maior,1,Gb Maior,Gb Maior,0.7623,0.0000,0.7623,0.0000,"Gb Maior;Db Maior;Eb Menor",,0.00,,10.99,107.33,107.33,0,1,"v2;w20;harm;aar;song60;far12;near45;tol0.8;floor0.25;drain0.5;bass0.25"
109691,1790793656542,Bb Menor,Gb Maior,1,Gb Maior,Gb Maior,0.7659,0.0000,0.7659,0.0000,"Gb Maior;Db Maior;Eb Menor",,0.00,,11.49,107.79,107.79,0,1,"v2;w20;harm;aar;song60;far12;near45;tol0.8;floor0.25;drain0.5;bass0.25"
110248,1790793657042,Bb Menor,Gb Maior,1,Gb Maior,Gb Maior,0.7704,0.0000,0.7704,0.0000,"Gb Maior;Db Maior;Eb Menor",,0.00,,11.99,108.35,108.35,0,1,"v2;w20;harm;aar;song60;far12;near45;tol0.8;floor0.25;drain0.5;bass0.25"
110712,1790793657542,Bb Menor,Gb Maior,1,Gb Maior,Gb Maior,0.7722,0.0000,0.7722,0.0000,"Gb Maior;Db Maior;Eb Menor",,0.00,,12.49,108.81,108.81,0,1,"v2;w20;harm;aar;song60;far12;near45;tol0.8;floor0.25;drain0.5;bass0.25"
111177,1790793658042,Bb Menor,Gb Maior,1,Gb Maior,Gb Maior,0.7744,0.0000,0.7744,0.0000,"Gb Maior;Db Maior;Eb Menor",,0.00,,12.99,109.27,109.27,0,1,"v2;w20;harm;aar;song60;far12;near45;tol0.8;floor0.25;drain0.5;bass0.25"
111734,1790793658541,Bb Menor,Gb Maior,1,Gb Maior,Gb Maior,0.7782,0.0000,0.7782,0.0000,"Gb Maior;Db Maior;Eb Menor",,0.00,,13.49,109.83,109.83,0,1,"v2;w20;harm;aar;song60;far12;near45;tol0.8;floor0.25;drain0.5;bass0.25"
112198,1790793659041,Bb Menor,Gb Maior,1,Gb Maior,Gb Maior,0.7811,0.0000,0.7811,0.0000,"Gb Maior;Db Maior;Eb Menor",,0.00,,13.99,110.29,110.29,0,1,"v2;w20;harm;aar;song60;far12;near45;tol0.8;floor0.25;drain0.5;bass0.25"
112663,1790793659541,Bb Menor,Gb Maior,1,Gb Maior,Gb Maior,0.7834,0.0000,0.7834,0.0000,"Gb Maior;Db Maior;Eb Menor",Gb Maior,0.00,,14.49,110.77,110.77,0,1,"v2;w20;harm;aar;song60;far12;near45;tol0.8;floor0.25;drain0.5;bass0.25"
113220,1790793660039,Bb Menor,Gb Maior,1,Gb Maior,Gb Maior,0.7844,0.0000,0.7844,0.0000,"Gb Maior;Db Maior;Eb Menor",Gb Maior,0.01,,14.99,111.33,111.33,0,1,"v2;w20;harm;aar;song60;far12;near45;tol0.8;floor0.25;drain0.5;bass0.25"
113684,1790793660542,Bb Menor,Gb Maior,1,Gb Maior,Gb Maior,0.7838,0.0000,0.7838,0.0000,"Gb Maior;Db Maior;Eb Menor",Gb Maior,0.02,,15.49,111.77,111.77,0,1,"v2;w20;harm;aar;song60;far12;near45;tol0.8;floor0.25;drain0.5;bass0.25"
114242,1790793661038,Bb Menor,Gb Maior,1,Gb Maior,Gb Maior,0.7838,0.0000,0.7838,0.0000,"Gb Maior;Db Maior;Eb Menor",Gb Maior,0.04,,15.98,112.35,112.35,0,1,"v2;w20;harm;aar;song60;far12;near45;tol0.8;floor0.25;drain0.5;bass0.25"
114706,1790793661542,Bb Menor,Gb Maior,1,Gb Maior,Gb Maior,0.7833,0.0000,0.7833,0.0000,"Gb Maior;Db Maior;Eb Menor",Gb Maior,0.05,,16.48,112.81,112.81,0,1,"v2;w20;harm;aar;song60;far12;near45;tol0.8;floor0.25;drain0.5;bass0.25"
115170,1790793662041,Bb Menor,Gb Maior,1,Gb Maior,Gb Maior,0.7834,0.0000,0.7834,0.0000,"Gb Maior;Db Maior;Eb Menor",Gb Maior,0.07,,16.98,113.29,113.29,0,1,"v2;w20;harm;aar;song60;far12;near45;tol0.8;floor0.25;drain0.5;bass0.25"
115728,1790793662543,Bb Menor,Gb Maior,1,Gb Maior,Gb Maior,0.7814,0.0000,0.7814,0.0000,"Gb Maior;Db Maior;Eb Menor",Gb Maior,0.09,,17.48,113.83,113.83,0,1,"v2;w20;harm;aar;song60;far12;near45;tol0.8;floor0.25;drain0.5;bass0.25"
116192,1790793663042,Bb Menor,Gb Maior,1,Gb Maior,Gb Maior,0.7805,0.0000,0.7805,0.0000,"Gb Maior;Db Maior;Eb Menor",Gb Maior,0.10,,17.98,114.29,114.29,0,1,"v2;w20;harm;aar;song60;far12;near45;tol0.8;floor0.25;drain0.5;bass0.25"
116749,1790793663541,Bb Menor,Gb Maior,1,Gb Maior,Gb Maior,0.7780,0.0000,0.7780,0.0000,"Gb Maior;Db Maior;Eb Menor",Gb Maior,0.12,,18.48,114.85,114.85,0,1,"v2;w20;harm;aar;song60;far12;near45;tol0.8;floor0.25;drain0.5;bass0.25"
117214,1790793664040,Bb Menor,Gb Maior,1,Gb Maior,Gb Maior,0.7778,0.0000,0.7778,0.0000,"Gb Maior;Db Maior;Eb Menor",Gb Maior,0.14,,18.98,115.31,115.31,0,1,"v2;w20;harm;aar;song60;far12;near45;tol0.8;floor0.25;drain0.5;bass0.25"
117678,1790793664542,Bb Menor,Gb Maior,1,Gb Maior,Gb Maior,0.7777,0.0000,0.7777,0.0000,"Gb Maior;Db Maior;Eb Menor",Gb Maior,0.15,,19.48,115.79,115.79,0,1,"v2;w20;harm;aar;song60;far12;near45;tol0.8;floor0.25;drain0.5;bass0.25"
118236,1790793665041,Bb Menor,Gb Maior,1,Gb Maior,Gb Maior,0.7771,0.0000,0.7771,0.0000,"Gb Maior;Db Maior;Eb Menor",,0.00,,19.98,116.33,116.33,0,1,"v2;w20;harm;aar;song60;far12;near45;tol0.8;floor0.25;drain0.5;bass0.25"
118700,1790793665543,Bb Menor,Gb Maior,1,Gb Maior,Gb Maior,0.7759,0.0000,0.7759,0.0000,"Gb Maior;Db Maior;Eb Menor",,0.00,,20.48,116.79,116.79,0,1,"v2;w20;harm;aar;song60;far12;near45;tol0.8;floor0.25;drain0.5;bass0.25"
119164,1790793666042,Bb Menor,Gb Maior,1,Gb Maior,Gb Maior,0.7756,0.0000,0.7756,0.0000,"Gb Maior;Db Maior;Eb Menor",,0.00,,20.98,117.27,117.27,0,1,"v2;w20;harm;aar;song60;far12;near45;tol0.8;floor0.25;drain0.5;bass0.25"
119722,1790793666542,Bb Menor,Gb Maior,1,Db Maior,Db Maior,0.7743,0.0000,0.7743,0.0000,"Db Maior;Gb Maior;Eb Menor",,0.00,,21.48,117.84,117.84,0,1,"v2;w20;harm;aar;song60;far12;near45;tol0.8;floor0.25;drain0.5;bass0.25"
120186,1790793667042,Bb Menor,Gb Maior,1,Db Maior,Db Maior,0.7767,0.0000,0.7767,0.0000,"Db Maior;Gb Maior;Eb Menor",,0.00,,21.98,118.27,118.27,0,1,"v2;w20;harm;aar;song60;far12;near45;tol0.8;floor0.25;drain0.5;bass0.25"
120743,1790793667542,Bb Menor,Gb Maior,1,Db Maior,Db Maior,0.7773,0.0000,0.7773,0.0000,"Db Maior;Gb Maior;Eb Menor",,0.00,,22.48,118.85,118.85,0,1,"v2;w20;harm;aar;song60;far12;near45;tol0.8;floor0.25;drain0.5;bass0.25"
121208,1790793668041,Bb Menor,Gb Maior,1,Db Maior,Db Maior,0.7772,0.0000,0.7772,0.0000,"Db Maior;Gb Maior;Eb Menor",,0.00,,22.98,119.31,119.31,0,1,"v2;w20;harm;aar;song60;far12;near45;tol0.8;floor0.25;drain0.5;bass0.25"
121672,1790793668541,Bb Menor,Gb Maior,1,Gb Maior,Gb Maior,0.7751,0.0000,0.7751,0.0000,"Gb Maior;Db Maior;Eb Menor",,0.00,,23.48,119.79,119.79,0,1,"v2;w20;harm;aar;song60;far12;near45;tol0.8;floor0.25;drain0.5;bass0.25"
122229,1790793669042,Bb Menor,Gb Maior,1,Gb Maior,Gb Maior,0.7794,0.0000,0.7794,0.0000,"Gb Maior;Db Maior;Eb Menor",,0.00,,23.98,120.33,120.33,0,1,"v2;w20;harm;aar;song60;far12;near45;tol0.8;floor0.25;drain0.5;bass0.25"
122694,1790793669542,Bb Menor,Gb Maior,1,Gb Maior,Gb Maior,0.7812,0.0000,0.7812,0.0000,"Gb Maior;Db Maior;Eb Menor",,0.00,,24.48,120.79,120.79,0,1,"v2;w20;harm;aar;song60;far12;near45;tol0.8;floor0.25;drain0.5;bass0.25"
123251,1790793670043,Bb Menor,Gb Maior,1,Gb Maior,Gb Maior,0.7839,0.0000,0.7839,0.0000,"Gb Maior;Db Maior;Eb Menor",,0.00,,24.98,121.35,121.35,0,1,"v2;w20;harm;aar;song60;far12;near45;tol0.8;floor0.25;drain0.5;bass0.25"
123715,1790793670541,Bb Menor,Gb Maior,1,Gb Maior,Gb Maior,0.7847,0.0000,0.7847,0.0000,"Gb Maior;Db Maior;Eb Menor",,0.00,,25.48,121.81,121.81,0,1,"v2;w20;harm;aar;song60;far12;near45;tol0.8;floor0.25;drain0.5;bass0.25"
124180,1790793671042,Bb Menor,Gb Maior,1,Gb Maior,Gb Maior,0.7869,0.0000,0.7869,0.0000,"Gb Maior;Db Maior;Eb Menor",,0.00,,25.97,122.29,122.29,0,1,"v2;w20;harm;aar;song60;far12;near45;tol0.8;floor0.25;drain0.5;bass0.25"
124737,1790793671543,Bb Menor,Gb Maior,1,Gb Maior,Gb Maior,0.7868,0.0000,0.7868,0.0000,"Gb Maior;Db Maior;Eb Menor",,0.00,,26.47,122.83,122.83,0,1,"v2;w20;harm;aar;song60;far12;near45;tol0.8;floor0.25;drain0.5;bass0.25"
125201,1790793672043,Bb Menor,Gb Maior,1,Gb Maior,Gb Maior,0.7881,0.0000,0.7881,0.0000,"Gb Maior;Db Maior;Eb Menor",,0.00,,26.97,123.29,123.29,0,1,"v2;w20;harm;aar;song60;far12;near45;tol0.8;floor0.25;drain0.5;bass0.25"
125666,1790793672542,Bb Menor,Gb Maior,1,Gb Maior,Gb Maior,0.7880,0.0000,0.7880,0.0000,"Gb Maior;Db Maior;Eb Menor",,0.00,,27.47,123.77,123.77,0,1,"v2;w20;harm;aar;song60;far12;near45;tol0.8;floor0.25;drain0.5;bass0.25"
126223,1790793673045,Bb Menor,Gb Maior,1,Gb Maior,Gb Maior,0.7876,0.0000,0.7876,0.0000,"Gb Maior;Db Maior;Eb Menor",,0.00,,27.97,124.33,124.33,0,1,"v2;w20;harm;aar;song60;far12;near45;tol0.8;floor0.25;drain0.5;bass0.25"
126688,1790793673542,Bb Menor,Gb Maior,1,Gb Maior,Gb Maior,0.7872,0.0000,0.7872,0.0000,"Gb Maior;Db Maior;Eb Menor",,0.00,,28.47,124.79,124.79,0,1,"v2;w20;harm;aar;song60;far12;near45;tol0.8;floor0.25;drain0.5;bass0.25"
127152,1790793674042,Bb Menor,Gb Maior,1,Gb Maior,Gb Maior,0.7880,0.0000,0.7880,0.0000,"Gb Maior;Db Maior;Eb Menor",,0.00,,28.97,125.25,125.25,0,1,"v2;w20;harm;aar;song60;far12;near45;tol0.8;floor0.25;drain0.5;bass0.25"
127709,1790793674542,Bb Menor,Gb Maior,1,Gb Maior,Gb Maior,0.7868,0.0000,0.7868,0.0000,"Gb Maior;Db Maior;Eb Menor",,0.00,,29.47,125.81,125.81,0,1,"v2;w20;harm;aar;song60;far12;near45;tol0.8;floor0.25;drain0.5;bass0.25"
128174,1790793675041,Bb Menor,Gb Maior,1,Gb Maior,Gb Maior,0.7875,0.0000,0.7875,0.0000,"Gb Maior;Db Maior;G# Menor",Gb Maior,0.00,,29.97,126.29,126.29,0,1,"v2;w20;harm;aar;song60;far12;near45;tol0.8;floor0.25;drain0.5;bass0.25"
128731,1790793675543,Bb Menor,Gb Maior,1,Gb Maior,Gb Maior,0.7882,0.0000,0.7882,0.0000,"Gb Maior;Db Maior;G# Menor",Gb Maior,0.01,,30.47,126.83,126.83,0,1,"v2;w20;harm;aar;song60;far12;near45;tol0.8;floor0.25;drain0.5;bass0.25"
129195,1790793676042,Bb Menor,Gb Maior,1,Gb Maior,Gb Maior,0.7891,0.0000,0.7891,0.0000,"Gb Maior;Db Maior;G# Menor",Gb Maior,0.02,,30.97,127.31,127.31,0,1,"v2;w20;harm;aar;song60;far12;near45;tol0.8;floor0.25;drain0.5;bass0.25"
129753,1790793676543,Bb Menor,Gb Maior,1,Gb Maior,Gb Maior,0.7891,0.0000,0.7891,0.0000,"Gb Maior;Db Maior;G# Menor",Gb Maior,0.04,,31.47,127.85,127.85,0,1,"v2;w20;harm;aar;song60;far12;near45;tol0.8;floor0.25;drain0.5;bass0.25"
130217,1790793677043,Bb Menor,Gb Maior,1,Gb Maior,Gb Maior,0.7890,0.0000,0.7890,0.0000,"Gb Maior;Db Maior;G# Menor",Gb Maior,0.06,,31.97,128.31,128.31,0,1,"v2;w20;harm;aar;song60;far12;near45;tol0.8;floor0.25;drain0.5;bass0.25"
130681,1790793677542,Bb Menor,Gb Maior,1,Gb Maior,Gb Maior,0.7879,0.0000,0.7879,0.0000,"Gb Maior;Db Maior;G# Menor",Gb Maior,0.07,,32.47,128.79,128.79,0,1,"v2;w20;harm;aar;song60;far12;near45;tol0.8;floor0.25;drain0.5;bass0.25"
131239,1790793678042,Bb Menor,Gb Maior,1,Gb Maior,Gb Maior,0.7882,0.0000,0.7882,0.0000,"Gb Maior;Db Maior;G# Menor",Gb Maior,0.09,,32.97,129.33,129.33,0,1,"v2;w20;harm;aar;song60;far12;near45;tol0.8;floor0.25;drain0.5;bass0.25"
131703,1790793678543,Bb Menor,Gb Maior,1,Gb Maior,Gb Maior,0.7890,0.0000,0.7890,0.0000,"Gb Maior;Db Maior;G# Menor",Gb Maior,0.10,,33.47,129.79,129.79,0,1,"v2;w20;harm;aar;song60;far12;near45;tol0.8;floor0.25;drain0.5;bass0.25"
132167,1790793679042,Bb Menor,Gb Maior,1,Gb Maior,Gb Maior,0.7903,0.0000,0.7903,0.0000,"Gb Maior;Db Maior;G# Menor",Gb Maior,0.12,,33.97,130.28,130.28,0,1,"v2;w20;harm;aar;song60;far12;near45;tol0.8;floor0.25;drain0.5;bass0.25"
132725,1790793679543,Bb Menor,Gb Maior,1,Gb Maior,Gb Maior,0.7888,0.0000,0.7888,0.0000,"Gb Maior;Db Maior;G# Menor",Gb Maior,0.14,,34.47,130.83,130.83,0,1,"v2;w20;harm;aar;song60;far12;near45;tol0.8;floor0.25;drain0.5;bass0.25"
133189,1790793680042,Bb Menor,Gb Maior,1,Gb Maior,Gb Maior,0.7863,0.0000,0.7863,0.0000,"Gb Maior;Db Maior;G# Menor",Gb Maior,0.15,,34.97,131.29,131.29,0,1,"v2;w20;harm;aar;song60;far12;near45;tol0.8;floor0.25;drain0.5;bass0.25"
133654,1790793680543,Bb Menor,Gb Maior,1,Gb Maior,Gb Maior,0.7851,0.0000,0.7851,0.0000,"Gb Maior;Db Maior;G# Menor",Gb Maior,0.17,,35.47,131.75,131.75,0,1,"v2;w20;harm;aar;song60;far12;near45;tol0.8;floor0.25;drain0.5;bass0.25"
134211,1790793681042,Bb Menor,Gb Maior,1,Db Maior,Db Maior,0.7856,0.0000,0.7856,0.0000,"Db Maior;Gb Maior;G# Menor",Db Maior,0.00,,35.96,132.31,132.31,0,1,"v2;w20;harm;aar;song60;far12;near45;tol0.8;floor0.25;drain0.5;bass0.25"
134675,1790793681541,Bb Menor,Gb Maior,1,Db Maior,Db Maior,0.7863,0.0000,0.7863,0.0000,"Db Maior;Gb Maior;G# Menor",Db Maior,0.00,,36.46,132.79,132.79,0,1,"v2;w20;harm;aar;song60;far12;near45;tol0.8;floor0.25;drain0.5;bass0.25"
135233,1790793682043,Bb Menor,Gb Maior,1,Db Maior,Db Maior,0.7869,0.0000,0.7869,0.0000,"Db Maior;Gb Maior;G# Menor",,0.00,,36.21,133.33,133.33,0,1,"v2;w20;harm;aar;song60;far12;near45;tol0.8;floor0.25;drain0.5;bass0.25"
135697,1790793682542,Bb Menor,Gb Maior,1,Db Maior,Db Maior,0.7889,0.0000,0.7889,0.0000,"Db Maior;Gb Maior;G# Menor",,0.00,,35.96,133.81,133.81,0,1,"v2;w20;harm;aar;song60;far12;near45;tol0.8;floor0.25;drain0.5;bass0.25"
136254,1790793683043,Bb Menor,Gb Maior,1,Db Maior,Db Maior,0.7912,0.0000,0.7912,0.0000,"Db Maior;Gb Maior;G# Menor",Db Maior,0.00,,35.71,134.35,134.35,0,1,"v2;w20;harm;aar;song60;far12;near45;tol0.8;floor0.25;drain0.5;bass0.25"
136719,1790793683543,Bb Menor,Gb Maior,1,Db Maior,Db Maior,0.7933,0.0000,0.7933,0.0000,"Db Maior;Gb Maior;G# Menor",Db Maior,0.01,,35.46,134.81,134.81,0,1,"v2;w20;harm;aar;song60;far12;near45;tol0.8;floor0.25;drain0.5;bass0.25"
137183,1790793684041,Bb Menor,Gb Maior,1,Db Maior,Db Maior,0.7941,0.0000,0.7941,0.0000,"Db Maior;Gb Maior;G# Menor",Db Maior,0.02,,35.21,135.29,135.29,0,1,"v2;w20;harm;aar;song60;far12;near45;tol0.8;floor0.25;drain0.5;bass0.25"
137740,1790793684541,Bb Menor,Gb Maior,1,Db Maior,Db Maior,0.7970,0.0000,0.7970,0.0000,"Db Maior;Gb Maior;G# Menor",Db Maior,0.04,,34.97,135.83,135.83,0,1,"v2;w20;harm;aar;song60;far12;near45;tol0.8;floor0.25;drain0.5;bass0.25"
138205,1790793685043,Bb Menor,Gb Maior,1,Db Maior,Db Maior,0.7989,0.0000,0.7989,0.0000,"Db Maior;Gb Maior;G# Menor",Db Maior,0.05,,34.72,136.31,136.31,0,1,"v2;w20;harm;aar;song60;far12;near45;tol0.8;floor0.25;drain0.5;bass0.25"
138669,1790793685543,Bb Menor,Gb Maior,1,Db Maior,Db Maior,0.8010,0.0000,0.8010,0.0000,"Db Maior;Gb Maior;G# Menor",Db Maior,0.07,,34.47,136.77,136.77,0,1,"v2;w20;harm;aar;song60;far12;near45;tol0.8;floor0.25;drain0.5;bass0.25"
139226,1790793686043,Bb Menor,Gb Maior,1,Db Maior,Db Maior,0.7997,0.0000,0.7997,0.0000,"Db Maior;Gb Maior;G# Menor",Db Maior,0.09,,34.22,137.33,137.33,0,1,"v2;w20;harm;aar;song60;far12;near45;tol0.8;floor0.25;drain0.5;bass0.25"
139691,1790793686543,Bb Menor,Gb Maior,1,Db Maior,Db Maior,0.7989,0.0000,0.7989,0.0000,"Db Maior;Gb Maior;G# Menor",Db Maior,0.10,,33.97,137.79,137.79,0,1,"v2;w20;harm;aar;song60;far12;near45;tol0.8;floor0.25;drain0.5;bass0.25"
140248,1790793687044,Bb Menor,Gb Maior,1,Db Maior,Db Maior,0.7985,0.0000,0.7985,0.0000,"Db Maior;Gb Maior;G# Menor",Db Maior,0.12,,34.47,138.35,138.35,0,1,"v2;w20;harm;aar;song60;far12;near45;tol0.8;floor0.25;drain0.5;bass0.25"
140712,1790793687543,Bb Menor,Gb Maior,1,Db Maior,Db Maior,0.7992,0.0000,0.7992,0.0000,"Db Maior;Gb Maior;G# Menor",Db Maior,0.14,,34.97,138.83,138.83,0,1,"v2;w20;harm;aar;song60;far12;near45;tol0.8;floor0.25;drain0.5;bass0.25"
141177,1790793688042,Bb Menor,Gb Maior,1,Db Maior,Db Maior,0.7999,0.0000,0.7999,0.0000,"Db Maior;Gb Maior;G# Menor",Db Maior,0.15,,34.72,139.29,139.29,0,1,"v2;w20;harm;aar;song60;far12;near45;tol0.8;floor0.25;drain0.5;bass0.25"
141734,1790793688544,Bb Menor,Gb Maior,1,Db Maior,Db Maior,0.8018,0.0000,0.8018,0.0000,"Db Maior;Gb Maior;G# Menor",Db Maior,0.17,,34.47,139.83,139.83,0,1,"v2;w20;harm;aar;song60;far12;near45;tol0.8;floor0.25;drain0.5;bass0.25"
142199,1790793689043,Bb Menor,Gb Maior,1,Db Maior,Db Maior,0.8020,0.0000,0.8020,0.0000,"Db Maior;Gb Maior;G# Menor",,0.00,,34.22,140.31,140.31,0,1,"v2;w20;harm;aar;song60;far12;near45;tol0.8;floor0.25;drain0.5;bass0.25"
142756,1790793689543,Bb Menor,Gb Maior,1,Db Maior,Db Maior,0.8031,0.0000,0.8031,0.0000,"Db Maior;Gb Maior;G# Menor",Db Maior,0.00,,33.97,140.85,140.85,0,1,"v2;w20;harm;aar;song60;far12;near45;tol0.8;floor0.25;drain0.5;bass0.25"
143220,1790793690044,Bb Menor,Gb Maior,1,Db Maior,Db Maior,0.8024,0.0000,0.8024,0.0000,"Db Maior;Gb Maior;G# Menor",,0.00,,33.72,141.31,141.31,0,1,"v2;w20;harm;aar;song60;far12;near45;tol0.8;floor0.25;drain0.5;bass0.25"
143685,1790793690543,Bb Menor,Gb Maior,1,Db Maior,Db Maior,0.8002,0.0000,0.8002,0.0000,"Db Maior;Gb Maior;G# Menor",,0.00,,33.47,141.79,141.79,0,1,"v2;w20;harm;aar;song60;far12;near45;tol0.8;floor0.25;drain0.5;bass0.25"
144242,1790793691044,Bb Menor,Gb Maior,1,Db Maior,Db Maior,0.7973,0.0000,0.7973,0.0000,"Db Maior;Gb Maior;G# Menor",,0.00,,33.22,142.33,142.33,0,1,"v2;w20;harm;aar;song60;far12;near45;tol0.8;floor0.25;drain0.5;bass0.25"
144706,1790793691543,Bb Menor,Gb Maior,1,Db Maior,Db Maior,0.7957,0.0000,0.7957,0.0000,"Db Maior;Gb Maior;G# Menor",,0.00,,32.97,142.81,142.81,0,1,"v2;w20;harm;aar;song60;far12;near45;tol0.8;floor0.25;drain0.5;bass0.25"
145171,1790793692043,Bb Menor,Gb Maior,1,Db Maior,Db Maior,0.7941,0.0000,0.7941,0.0000,"Db Maior;Gb Maior;G# Menor",,0.00,,32.72,143.27,143.27,0,1,"v2;w20;harm;aar;song60;far12;near45;tol0.8;floor0.25;drain0.5;bass0.25"
145728,1790793692543,Bb Menor,Gb Maior,1,Gb Maior,Gb Maior,0.7929,0.0000,0.7929,0.0000,"Gb Maior;Db Maior;G# Menor",,0.00,,32.47,143.83,143.83,0,1,"v2;w20;harm;aar;song60;far12;near45;tol0.8;floor0.25;drain0.5;bass0.25"
146192,1790793693043,Bb Menor,Gb Maior,1,Gb Maior,Gb Maior,0.7964,0.0000,0.7964,0.0000,"Gb Maior;Db Maior;G# Menor",,0.00,,32.22,144.29,144.29,0,1,"v2;w20;harm;aar;song60;far12;near45;tol0.8;floor0.25;drain0.5;bass0.25"
146750,1790793693543,Bb Menor,Gb Maior,1,Gb Maior,Gb Maior,0.7963,0.0000,0.7963,0.0000,"Gb Maior;Db Maior;G# Menor",,0.00,,31.97,144.85,144.85,0,1,"v2;w20;harm;aar;song60;far12;near45;tol0.8;floor0.25;drain0.5;bass0.25"
147214,1790793694043,Bb Menor,Gb Maior,1,Gb Maior,Gb Maior,0.7977,0.0000,0.7977,0.0000,"Gb Maior;Db Maior;G# Menor",,0.00,,31.72,145.33,145.33,0,1,"v2;w20;harm;aar;song60;far12;near45;tol0.8;floor0.25;drain0.5;bass0.25"
147678,1790793694542,Bb Menor,Gb Maior,1,Gb Maior,Gb Maior,0.7989,0.0000,0.7989,0.0000,"Gb Maior;Db Maior;G# Menor",,0.00,,31.47,145.79,145.79,0,1,"v2;w20;harm;aar;song60;far12;near45;tol0.8;floor0.25;drain0.5;bass0.25"
148236,1790793695043,Bb Menor,Gb Maior,1,Gb Maior,Gb Maior,0.7996,0.0000,0.7996,0.0000,"Gb Maior;Db Maior;G# Menor",,0.00,,31.22,146.33,146.33,0,1,"v2;w20;harm;aar;song60;far12;near45;tol0.8;floor0.25;drain0.5;bass0.25"
148700,1790793695543,Bb Menor,Gb Maior,1,Gb Maior,Gb Maior,0.7996,0.0000,0.7996,0.0000,"Gb Maior;Db Maior;G# Menor",Gb Maior,0.00,,30.97,146.81,146.81,0,1,"v2;w20;harm;aar;song60;far12;near45;tol0.8;floor0.25;drain0.5;bass0.25"
149257,1790793696042,Bb Menor,Gb Maior,1,Gb Maior,Gb Maior,0.7989,0.0000,0.7989,0.0000,"Gb Maior;Db Maior;G# Menor",Gb Maior,0.01,,30.72,147.35,147.35,0,1,"v2;w20;harm;aar;song60;far12;near45;tol0.8;floor0.25;drain0.5;bass0.25"
149722,1790793696543,Bb Menor,Gb Maior,1,Gb Maior,Gb Maior,0.7983,0.0000,0.7983,0.0000,"Gb Maior;Db Maior;G# Menor",Gb Maior,0.02,,30.47,147.83,147.83,0,1,"v2;w20;harm;aar;song60;far12;near45;tol0.8;floor0.25;drain0.5;bass0.25"
150186,1790793697042,Bb Menor,Gb Maior,1,Db Maior,Db Maior,0.8013,0.0000,0.8013,0.0000,"Db Maior;Gb Maior;G# Menor",Db Maior,0.00,,30.22,148.29,148.29,0,1,"v2;w20;harm;aar;song60;far12;near45;tol0.8;floor0.25;drain0.5;bass0.25"
150743,1790793697543,Bb Menor,Gb Maior,1,Db Maior,Db Maior,0.8039,0.0000,0.8039,0.0000,"Db Maior;Gb Maior;G# Menor",Db Maior,0.01,,29.97,148.83,148.83,0,1,"v2;w20;harm;aar;song60;far12;near45;tol0.8;floor0.25;drain0.5;bass0.25"
151208,1790793698041,Bb Menor,Gb Maior,1,Db Maior,Db Maior,0.8056,0.0000,0.8056,0.0000,"Db Maior;Gb Maior;G# Menor",Db Maior,0.02,,29.72,149.31,149.31,0,1,"v2;w20;harm;aar;song60;far12;near45;tol0.8;floor0.25;drain0.5;bass0.25"
151672,1790793698543,Bb Menor,Gb Maior,1,Db Maior,Db Maior,0.8024,0.0000,0.8024,0.0000,"Db Maior;Gb Maior;G# Menor",Db Maior,0.04,,29.47,149.77,149.77,0,1,"v2;w20;harm;aar;song60;far12;near45;tol0.8;floor0.25;drain0.5;bass0.25"
152230,1790793699043,Bb Menor,Gb Maior,1,Db Maior,Db Maior,0.8010,0.0000,0.8010,0.0000,"Db Maior;Gb Maior;G# Menor",Db Maior,0.06,,29.22,150.35,150.35,0,1,"v2;w20;harm;aar;song60;far12;near45;tol0.8;floor0.25;drain0.5;bass0.25"
152694,1790793699542,Bb Menor,Gb Maior,1,Db Maior,Db Maior,0.8023,0.0000,0.8023,0.0000,"Db Maior;Gb Maior;G# Menor",Db Maior,0.07,,28.97,150.79,150.79,0,1,"v2;w20;harm;aar;song60;far12;near45;tol0.8;floor0.25;drain0.5;bass0.25"
153158,1790793700042,Bb Menor,Gb Maior,1,Db Maior,Db Maior,0.8040,0.0000,0.8040,0.0000,"Db Maior;Gb Maior;G# Menor",Db Maior,0.09,,28.72,151.25,151.25,0,1,"v2;w20;harm;aar;song60;far12;near45;tol0.8;floor0.25;drain0.5;bass0.25"
153716,1790793700541,Bb Menor,Gb Maior,1,Db Maior,Db Maior,0.8064,0.0000,0.8064,0.0000,"Db Maior;Gb Maior;G# Menor",Db Maior,0.11,,28.47,151.83,151.83,0,1,"v2;w20;harm;aar;song60;far12;near45;tol0.8;floor0.25;drain0.5;bass0.25"
154180,1790793701042,Bb Menor,Gb Maior,1,Db Maior,Db Maior,0.8134,0.0000,0.8134,0.0000,"Db Maior;Gb Maior;G# Menor",Db Maior,0.12,,28.22,152.29,152.29,0,1,"v2;w20;harm;aar;song60;far12;near45;tol0.8;floor0.25;drain0.5;bass0.25"
154552,1790793701541,Bb Menor,Gb Maior,1,Db Maior,Db Maior,0.8156,0.0000,0.8156,0.0000,"Db Maior;Gb Maior;G# Menor",Db Maior,0.13,,27.97,152.65,152.65,0,1,"v2;w20;harm;aar;song60;far12;near45;tol0.8;floor0.25;drain0.5;bass0.25"
155202,1790793702042,Bb Menor,Gb Maior,1,Db Maior,Db Maior,0.8157,0.0000,0.8157,0.0000,"Db Maior;Gb Maior;G# Menor",Db Maior,0.15,,27.72,153.31,153.31,0,1,"v2;w20;harm;aar;song60;far12;near45;tol0.8;floor0.25;drain0.5;bass0.25"
155759,1790793702542,Bb Menor,Gb Maior,1,Db Maior,Db Maior,0.8179,0.0000,0.8179,0.0000,"Db Maior;Gb Maior;G# Menor",Db Maior,0.17,,27.47,153.85,153.85,0,1,"v2;w20;harm;aar;song60;far12;near45;tol0.8;floor0.25;drain0.5;bass0.25"
156223,1790793703043,Bb Menor,Gb Maior,1,Db Maior,Db Maior,0.8205,0.0000,0.8205,0.0000,"Db Maior;Gb Maior;G# Menor",Db Maior,0.19,,27.22,154.33,154.33,0,1,"v2;w20;harm;aar;song60;far12;near45;tol0.8;floor0.25;drain0.5;bass0.25"
156688,1790793703543,Bb Menor,Gb Maior,1,Db Maior,Db Maior,0.8193,0.0000,0.8193,0.0000,"Db Maior;Gb Maior;G# Menor",Db Maior,0.20,,26.97,154.79,154.79,0,1,"v2;w20;harm;aar;song60;far12;near45;tol0.8;floor0.25;drain0.5;bass0.25"
157245,1790793704042,Bb Menor,Gb Maior,1,Db Maior,Db Maior,0.8226,0.0000,0.8226,0.0000,"Db Maior;Gb Maior;G# Menor",Db Maior,0.22,,26.73,155.33,155.33,0,1,"v2;w20;harm;aar;song60;far12;near45;tol0.8;floor0.25;drain0.5;bass0.25"
157709,1790793704542,Bb Menor,Gb Maior,1,Db Maior,Db Maior,0.8231,0.0000,0.8231,0.0000,"Db Maior;Gb Maior;G# Menor",Db Maior,0.24,,26.48,155.81,155.81,0,1,"v2;w20;harm;aar;song60;far12;near45;tol0.8;floor0.25;drain0.5;bass0.25"
158174,1790793705041,Bb Menor,Gb Maior,1,Db Maior,Db Maior,0.8233,0.0000,0.8233,0.0000,"Db Maior;Gb Maior;G# Menor",Db Maior,0.25,,26.23,156.27,156.27,0,1,"v2;w20;harm;aar;song60;far12;near45;tol0.8;floor0.25;drain0.5;bass0.25"
158731,1790793705543,Bb Menor,Gb Maior,1,Db Maior,Db Maior,0.8219,0.0000,0.8219,0.0000,"Db Maior;Gb Maior;G# Menor",Db Maior,0.27,,25.98,156.85,156.85,0,1,"v2;w20;harm;aar;song60;far12;near45;tol0.8;floor0.25;drain0.5;bass0.25"
159196,1790793706042,Bb Menor,Gb Maior,1,Db Maior,Db Maior,0.8262,0.0000,0.8262,0.0000,"Db Maior;Gb Maior;G# Menor",Db Maior,0.29,,25.73,157.29,157.29,0,1,"v2;w20;harm;aar;song60;far12;near45;tol0.8;floor0.25;drain0.5;bass0.25"
159660,1790793706543,Bb Menor,Gb Maior,1,Db Maior,Db Maior,0.8268,0.0000,0.8268,0.0000,"Db Maior;Gb Maior;G# Menor",Db Maior,0.30,,25.48,157.75,157.75,0,1,"v2;w20;harm;aar;song60;far12;near45;tol0.8;floor0.25;drain0.5;bass0.25"
160217,1790793707043,Bb Menor,Db Maior,1,Db Maior,Db Maior,0.8263,0.0000,0.8263,0.0000,"Db Maior;Gb Maior;G# Menor",Db Maior,0.32,,0.00,158.33,158.33,0,1,"v2;w20;harm;aar;song60;far12;near45;tol0.8;floor0.25;drain0.5;bass0.25"
160682,1790793707542,Bb Menor,Db Maior,1,Db Maior,Db Maior,0.8220,0.0000,0.8220,0.0000,"Db Maior;Gb Maior;G# Menor",Db Maior,0.34,,0.00,158.79,158.79,0,1,"v2;w20;harm;aar;song60;far12;near45;tol0.8;floor0.25;drain0.5;bass0.25"
161146,1790793708042,Bb Menor,Db Maior,1,Db Maior,Db Maior,0.8193,0.0000,0.8193,0.0000,"Db Maior;Gb Maior;G# Menor",Db Maior,0.35,,0.00,159.23,159.23,0,1,"v2;w20;harm;aar;song60;far12;near45;tol0.8;floor0.25;drain0.5;bass0.25"
161703,1790793708543,Bb Menor,Db Maior,1,Db Maior,Db Maior,0.8193,0.0000,0.8193,0.0000,"Db Maior;Gb Maior;G# Menor",Db Maior,0.37,,0.00,159.81,159.81,0,1,"v2;w20;harm;aar;song60;far12;near45;tol0.8;floor0.25;drain0.5;bass0.25"
162261,1790793709043,Bb Menor,Db Maior,1,Db Maior,Db Maior,0.8225,0.0000,0.8225,0.0000,"Db Maior;Gb Maior;G# Menor",Db Maior,0.39,,0.00,160.35,160.35,0,1,"v2;w20;harm;aar;song60;far12;near45;tol0.8;floor0.25;drain0.5;bass0.25"
162725,1790793709543,Bb Menor,Db Maior,1,Db Maior,Db Maior,0.8230,0.0000,0.8230,0.0000,"Db Maior;Gb Maior;G# Menor",Db Maior,0.41,,0.00,160.83,160.83,0,1,"v2;w20;harm;aar;song60;far12;near45;tol0.8;floor0.25;drain0.5;bass0.25"
163189,1790793710042,Bb Menor,Db Maior,1,Db Maior,Db Maior,0.8211,0.0000,0.8211,0.0000,"Db Maior;Gb Maior;G# Menor",Db Maior,0.42,,0.00,161.29,161.29,0,1,"v2;w20;harm;aar;song60;far12;near45;tol0.8;floor0.25;drain0.5;bass0.25"
163747,1790793710543,Bb Menor,Db Maior,1,Db Maior,Db Maior,0.8196,0.0000,0.8196,0.0000,"Db Maior;Gb Maior;G# Menor",Db Maior,0.44,,0.00,161.83,161.83,0,1,"v2;w20;harm;aar;song60;far12;near45;tol0.8;floor0.25;drain0.5;bass0.25"
164211,1790793711042,Bb Menor,Db Maior,1,Db Maior,Db Maior,0.8203,0.0000,0.8203,0.0000,"Db Maior;Gb Maior;G# Menor",Db Maior,0.46,,0.00,162.31,162.31,0,1,"v2;w20;harm;aar;song60;far12;near45;tol0.8;floor0.25;drain0.5;bass0.25"
164675,1790793711542,Bb Menor,Db Maior,1,Db Maior,Db Maior,0.8193,0.0000,0.8193,0.0000,"Db Maior;Gb Maior;G# Menor",Db Maior,0.47,,0.00,162.78,162.78,0,1,"v2;w20;harm;aar;song60;far12;near45;tol0.8;floor0.25;drain0.5;bass0.25"
165140,1790793712042,Bb Menor,Db Maior,1,Db Maior,Db Maior,0.8191,0.0000,0.8191,0.0000,"Db Maior;Gb Maior;G# Menor",Db Maior,0.49,,0.00,163.25,163.25,0,1,"v2;w20;harm;aar;song60;far12;near45;tol0.8;floor0.25;drain0.5;bass0.25"
165697,1790793712541,Bb Menor,Db Maior,1,Db Maior,Db Maior,0.8186,0.0000,0.8186,0.0000,"Db Maior;Gb Maior;G# Menor",Db Maior,0.50,,0.00,163.79,163.79,0,1,"v2;w20;harm;aar;song60;far12;near45;tol0.8;floor0.25;drain0.5;bass0.25"
166162,1790793713042,Bb Menor,Db Maior,1,Db Maior,Db Maior,0.8183,0.0000,0.8183,0.0000,"Db Maior;Gb Maior;G# Menor",Db Maior,0.52,,0.00,164.25,164.25,0,1,"v2;w20;harm;aar;song60;far12;near45;tol0.8;floor0.25;drain0.5;bass0.25"
166719,1790793713542,Bb Menor,Db Maior,1,Db Maior,Db Maior,0.8175,0.0000,0.8175,0.0000,"Db Maior;Gb Maior;G# Menor",Db Maior,0.54,,0.00,164.83,164.83,0,1,"v2;w20;harm;aar;song60;far12;near45;tol0.8;floor0.25;drain0.5;bass0.25"
167183,1790793714041,Bb Menor,Db Maior,1,Db Maior,Db Maior,0.8181,0.0000,0.8181,0.0000,"Db Maior;Gb Maior;G# Menor",Db Maior,0.55,,0.00,165.29,165.29,0,1,"v2;w20;harm;aar;song60;far12;near45;tol0.8;floor0.25;drain0.5;bass0.25"
167648,1790793714543,Bb Menor,Db Maior,1,Db Maior,Db Maior,0.8192,0.0000,0.8192,0.0000,"Db Maior;Gb Maior;G# Menor",Db Maior,0.57,,0.00,165.75,165.75,0,1,"v2;w20;harm;aar;song60;far12;near45;tol0.8;floor0.25;drain0.5;bass0.25"
168205,1790793715042,Bb Menor,Db Maior,1,Db Maior,Db Maior,0.8180,0.0000,0.8180,0.0000,"Db Maior;Gb Maior;G# Menor",Db Maior,0.59,,0.00,166.31,166.31,0,1,"v2;w20;harm;aar;song60;far12;near45;tol0.8;floor0.25;drain0.5;bass0.25"
168669,1790793715543,Bb Menor,Db Maior,1,Db Maior,Db Maior,0.8199,0.0000,0.8199,0.0000,"Db Maior;Gb Maior;G# Menor",Db Maior,0.60,,0.00,166.77,166.77,0,1,"v2;w20;harm;aar;song60;far12;near45;tol0.8;floor0.25;drain0.5;bass0.25"
169227,1790793716040,Bb Menor,Db Maior,1,Db Maior,Db Maior,0.8189,0.0000,0.8189,0.0000,"Db Maior;Gb Maior;G# Menor",Db Maior,0.62,,0.00,167.33,167.33,0,1,"v2;w20;harm;aar;song60;far12;near45;tol0.8;floor0.25;drain0.5;bass0.25"
169691,1790793716541,Bb Menor,Db Maior,1,Db Maior,Db Maior,0.8196,0.0000,0.8196,0.0000,"Db Maior;Gb Maior;G# Menor",Db Maior,0.64,,0.00,167.79,167.79,0,1,"v2;w20;harm;aar;song60;far12;near45;tol0.8;floor0.25;drain0.5;bass0.25"
170248,1790793717041,Bb Menor,Db Maior,1,Db Maior,Db Maior,0.8200,0.0000,0.8200,0.0000,"Db Maior;Gb Maior;G# Menor",Db Maior,0.66,,0.00,168.35,168.35,0,1,"v2;w20;harm;aar;song60;far12;near45;tol0.8;floor0.25;drain0.5;bass0.25"
170713,1790793717542,Bb Menor,Db Maior,1,Db Maior,Db Maior,0.8207,0.0000,0.8207,0.0000,"Db Maior;Gb Maior;G# Menor",Db Maior,0.67,,0.00,168.81,168.81,0,1,"v2;w20;harm;aar;song60;far12;near45;tol0.8;floor0.25;drain0.5;bass0.25"
171177,1790793718042,Bb Menor,Db Maior,1,Db Maior,Db Maior,0.8210,0.0000,0.8210,0.0000,"Db Maior;Gb Maior;G# Menor",Db Maior,0.69,,0.00,169.27,169.27,0,1,"v2;w20;harm;aar;song60;far12;near45;tol0.8;floor0.25;drain0.5;bass0.25"
171641,1790793718540,Bb Menor,Db Maior,1,Db Maior,Db Maior,0.8228,0.0000,0.8228,0.0000,"Db Maior;Gb Maior;G# Menor",Db Maior,0.70,,0.00,169.75,169.75,0,1,"v2;w20;harm;aar;song60;far12;near45;tol0.8;floor0.25;drain0.5;bass0.25"
172199,1790793719041,Bb Menor,Db Maior,1,Db Maior,Db Maior,0.8207,0.0000,0.8207,0.0000,"Db Maior;Gb Maior;G# Menor",Db Maior,0.72,,0.00,170.29,170.29,0,1,"v2;w20;harm;aar;song60;far12;near45;tol0.8;floor0.25;drain0.5;bass0.25"
172663,1790793719542,Bb Menor,Db Maior,1,Db Maior,Db Maior,0.8197,0.0000,0.8197,0.0000,"Db Maior;Gb Maior;G# Menor",Db Maior,0.74,,0.00,170.75,170.75,0,1,"v2;w20;harm;aar;song60;far12;near45;tol0.8;floor0.25;drain0.5;bass0.25"
173220,1790793720041,Bb Menor,Db Maior,1,Db Maior,Db Maior,0.8197,0.0000,0.8197,0.0000,"Db Maior;Gb Maior;G# Menor",Db Maior,0.76,,0.00,171.33,171.33,0,1,"v2;w20;harm;aar;song60;far12;near45;tol0.8;floor0.25;drain0.5;bass0.25"
173685,1790793720542,Bb Menor,Db Maior,1,Db Maior,Db Maior,0.8201,0.0000,0.8201,0.0000,"Db Maior;Gb Maior;G# Menor",Db Maior,0.77,,0.00,171.79,171.79,0,1,"v2;w20;harm;aar;song60;far12;near45;tol0.8;floor0.25;drain0.5;bass0.25"
174242,1790793721043,Bb Menor,Db Maior,1,Db Maior,Db Maior,0.8187,0.0000,0.8187,0.0000,"Db Maior;Gb Maior;G# Menor",Db Maior,0.79,,0.00,172.35,172.35,0,1,"v2;w20;harm;aar;song60;far12;near45;tol0.8;floor0.25;drain0.5;bass0.25"
174706,1790793721543,Bb Menor,Db Maior,1,Db Maior,Db Maior,0.8179,0.0000,0.8179,0.0000,"Db Maior;Gb Maior;G# Menor",Db Maior,0.80,,0.00,172.81,172.81,0,1,"v2;w20;harm;aar;song60;far12;near45;tol0.8;floor0.25;drain0.5;bass0.25"
175264,1790793722044,Bb Menor,Db Maior,1,Db Maior,Db Maior,0.8175,0.0000,0.8175,0.0000,"Db Maior;Gb Maior;G# Menor",Db Maior,0.82,,0.00,173.35,173.35,0,1,"v2;w20;harm;aar;song60;far12;near45;tol0.8;floor0.25;drain0.5;bass0.25"
175728,1790793722543,Bb Menor,Db Maior,1,Db Maior,Db Maior,0.8178,0.0000,0.8178,0.0000,"Db Maior;Gb Maior;G# Menor",Db Maior,0.84,,0.00,173.83,173.83,0,1,"v2;w20;harm;aar;song60;far12;near45;tol0.8;floor0.25;drain0.5;bass0.25"
176193,1790793723043,Bb Menor,Db Maior,1,Db Maior,Db Maior,0.8166,0.0000,0.8166,0.0000,"Db Maior;Gb Maior;G# Menor",Db Maior,0.85,,0.00,174.29,174.29,0,1,"v2;w20;harm;aar;song60;far12;near45;tol0.8;floor0.25;drain0.5;bass0.25"
176750,1790793723543,Bb Menor,Db Maior,1,Db Maior,Db Maior,0.8175,0.0000,0.8175,0.0000,"Db Maior;Gb Maior;G# Menor",Db Maior,0.87,,0.00,174.85,174.85,0,1,"v2;w20;harm;aar;song60;far12;near45;tol0.8;floor0.25;drain0.5;bass0.25"
177214,1790793724043,Bb Menor,Db Maior,1,Db Maior,Db Maior,0.8168,0.0000,0.8168,0.0000,"Db Maior;Gb Maior;G# Menor",Db Maior,0.89,,0.00,175.31,175.31,0,1,"v2;w20;harm;aar;song60;far12;near45;tol0.8;floor0.25;drain0.5;bass0.25"
177679,1790793724542,Bb Menor,Db Maior,1,Db Maior,Db Maior,0.8165,0.0000,0.8165,0.0000,"Db Maior;Gb Maior;G# Menor",Db Maior,0.90,,0.00,175.77,175.77,0,1,"v2;w20;harm;aar;song60;far12;near45;tol0.8;floor0.25;drain0.5;bass0.25"
178143,1790793725042,Bb Menor,Db Maior,1,Db Maior,Db Maior,0.8154,0.0000,0.8154,0.0000,"Db Maior;Gb Maior;G# Menor",Db Maior,0.92,,0.00,176.25,176.25,0,1,"v2;w20;harm;aar;song60;far12;near45;tol0.8;floor0.25;drain0.5;bass0.25"
178700,1790793725542,Bb Menor,Db Maior,1,Db Maior,Db Maior,0.8138,0.0000,0.8138,0.0000,"Db Maior;Gb Maior;G# Menor",Db Maior,0.94,,0.00,176.79,176.79,0,1,"v2;w20;harm;aar;song60;far12;near45;tol0.8;floor0.25;drain0.5;bass0.25"
179165,1790793726043,Bb Menor,Db Maior,1,Db Maior,Db Maior,0.8134,0.0000,0.8134,0.0000,"Db Maior;Gb Maior;G# Menor",Db Maior,0.95,,0.00,177.27,177.27,0,1,"v2;w20;harm;aar;song60;far12;near45;tol0.8;floor0.25;drain0.5;bass0.25"
179722,1790793726543,Bb Menor,Db Maior,1,Db Maior,Db Maior,0.8132,0.0000,0.8132,0.0000,"Db Maior;Gb Maior;G# Menor",Db Maior,0.97,,0.00,177.83,177.83,0,1,"v2;w20;harm;aar;song60;far12;near45;tol0.8;floor0.25;drain0.5;bass0.25"
180186,1790793727042,Bb Menor,Db Maior,1,Db Maior,Db Maior,0.8139,0.0000,0.8139,0.0000,"Db Maior;Gb Maior;G# Menor",Db Maior,0.99,,0.00,178.29,178.29,0,1,"v2;w20;harm;aar;song60;far12;near45;tol0.8;floor0.25;drain0.5;bass0.25"
180651,1790793727543,Db Maior,Db Maior,0,Db Maior,Gb Maior,0.8145,0.8145,0.8122,0.0089,"Gb Maior;Bb Menor;G# Menor",,0.00,,0.00,178.75,178.75,1,1,"v2;w20;harm;aar;song60;far12;near45;tol0.8;floor0.25;drain0.5;bass0.25"
181208,1790793728042,Db Maior,Db Maior,0,Db Maior,Gb Maior,0.8142,0.8142,0.8132,0.0040,"Gb Maior;Bb Menor;G# Menor",,0.00,,0.00,179.31,179.31,1,1,"v2;w20;harm;aar;song60;far12;near45;tol0.8;floor0.25;drain0.5;bass0.25"
181672,1790793728542,Db Maior,Db Maior,0,Gb Maior,Gb Maior,0.8144,0.0000,0.8144,0.0000,"Gb Maior;Bb Menor;G# Menor",,0.00,,0.00,179.79,179.79,1,1,"v2;w20;harm;aar;song60;far12;near45;tol0.8;floor0.25;drain0.5;bass0.25"
182230,1790793729042,Db Maior,Db Maior,0,Gb Maior,Gb Maior,0.8143,0.0000,0.8143,0.0000,"Gb Maior;Bb Menor;G# Menor",,0.00,,0.00,180.33,180.33,1,1,"v2;w20;harm;aar;song60;far12;near45;tol0.8;floor0.25;drain0.5;bass0.25"
182694,1790793729542,Db Maior,Db Maior,0,Gb Maior,Gb Maior,0.8135,0.0000,0.8135,0.0000,"Gb Maior;Bb Menor;G# Menor",,0.00,,0.00,180.79,180.79,1,1,"v2;w20;harm;aar;song60;far12;near45;tol0.8;floor0.25;drain0.5;bass0.25"
183251,1790793730043,Db Maior,Db Maior,0,Db Maior,Gb Maior,0.8136,0.8136,0.8131,0.0017,"Gb Maior;Bb Menor;G# Menor",,0.00,,0.00,181.35,181.35,1,1,"v2;w20;harm;aar;song60;far12;near45;tol0.8;floor0.25;drain0.5;bass0.25"
183716,1790793730542,Db Maior,Db Maior,0,Db Maior,Gb Maior,0.8144,0.8144,0.8124,0.0080,"Gb Maior;Bb Menor;G# Menor",,0.00,,0.00,181.81,181.81,1,1,"v2;w20;harm;aar;song60;far12;near45;tol0.8;floor0.25;drain0.5;bass0.25"
184180,1790793731042,Db Maior,Db Maior,0,Db Maior,Gb Maior,0.8144,0.8144,0.8125,0.0077,"Gb Maior;Bb Menor;G# Menor",,0.00,,0.00,182.27,182.27,1,1,"v2;w20;harm;aar;song60;far12;near45;tol0.8;floor0.25;drain0.5;bass0.25"
184645,1790793731541,Db Maior,Db Maior,0,Db Maior,Gb Maior,0.8151,0.8151,0.8105,0.0182,"Gb Maior;Bb Menor;G# Menor",,0.00,,0.00,182.75,182.75,1,1,"v2;w20;harm;aar;song60;far12;near45;tol0.8;floor0.25;drain0.5;bass0.25"
185202,1790793732042,Db Maior,Db Maior,0,Db Maior,Gb Maior,0.8158,0.8158,0.8079,0.0315,"Gb Maior;Bb Menor;G# Menor",,0.00,,0.00,183.29,183.29,1,1,"v2;w20;harm;aar;song60;far12;near45;tol0.8;floor0.25;drain0.5;bass0.25"
185666,1790793732543,Db Maior,Db Maior,0,Db Maior,Gb Maior,0.8170,0.8170,0.8067,0.0413,"Gb Maior;Bb Menor;G# Menor",,0.00,,0.00,183.77,183.77,1,1,"v2;w20;harm;aar;song60;far12;near45;tol0.8;floor0.25;drain0.5;bass0.25"
186224,1790793733043,Db Maior,Db Maior,0,Db Maior,Gb Maior,0.8191,0.8191,0.8042,0.0594,"Gb Maior;Bb Menor;G# Menor",,0.00,,0.00,184.33,184.33,1,1,"v2;w20;harm;aar;song60;far12;near45;tol0.8;floor0.25;drain0.5;bass0.25"
186688,1790793733542,Db Maior,Db Maior,0,Db Maior,Gb Maior,0.8178,0.8178,0.8041,0.0546,"Gb Maior;Bb Menor;G# Menor",,0.00,,0.00,184.79,184.79,1,1,"v2;w20;harm;aar;song60;far12;near45;tol0.8;floor0.25;drain0.5;bass0.25"
187245,1790793734043,Db Maior,Db Maior,0,Db Maior,Gb Maior,0.8189,0.8189,0.8025,0.0656,"Gb Maior;Bb Menor;G# Menor",,0.00,,0.00,185.35,185.35,1,1,"v2;w20;harm;aar;song60;far12;near45;tol0.8;floor0.25;drain0.5;bass0.25"
187710,1790793734542,Db Maior,Db Maior,0,Db Maior,Gb Maior,0.8194,0.8194,0.8011,0.0731,"Gb Maior;Bb Menor;G# Menor",,0.00,,0.00,185.81,185.81,1,1,"v2;w20;harm;aar;song60;far12;near45;tol0.8;floor0.25;drain0.5;bass0.25"
188174,1790793735042,Db Maior,Db Maior,0,Db Maior,Gb Maior,0.8201,0.8201,0.7993,0.0832,"Gb Maior;Bb Menor;G# Menor",,0.00,,0.00,186.29,186.29,1,1,"v2;w20;harm;aar;song60;far12;near45;tol0.8;floor0.25;drain0.5;bass0.25"
188731,1790793735544,Db Maior,Db Maior,0,Db Maior,Gb Maior,0.8205,0.8205,0.7967,0.0952,"Gb Maior;Bb Menor;G# Menor",,0.00,,0.00,186.83,186.83,1,1,"v2;w20;harm;aar;song60;far12;near45;tol0.8;floor0.25;drain0.5;bass0.25"
189196,1790793736042,Db Maior,Db Maior,0,Db Maior,Gb Maior,0.8204,0.8204,0.7946,0.1032,"Gb Maior;Bb Menor;G# Menor",,0.00,,0.00,187.29,187.29,1,1,"v2;w20;harm;aar;song60;far12;near45;tol0.8;floor0.25;drain0.5;bass0.25"
189753,1790793736544,Db Maior,Db Maior,0,Db Maior,Gb Maior,0.8211,0.8211,0.7921,0.1161,"Gb Maior;Bb Menor;G# Menor",,0.00,,0.00,187.85,187.85,1,1,"v2;w20;harm;aar;song60;far12;near45;tol0.8;floor0.25;drain0.5;bass0.25"
190217,1790793737043,Db Maior,Db Maior,0,Db Maior,Gb Maior,0.8216,0.8216,0.7901,0.1260,"Gb Maior;Bb Menor;G# Menor",,0.00,,0.00,188.31,188.31,1,1,"v2;w20;harm;aar;song60;far12;near45;tol0.8;floor0.25;drain0.5;bass0.25"
190682,1790793737543,Db Maior,Db Maior,0,Db Maior,Gb Maior,0.8216,0.8216,0.7896,0.1281,"Gb Maior;Bb Menor;G# Menor",,0.00,,0.00,188.79,188.79,1,1,"v2;w20;harm;aar;song60;far12;near45;tol0.8;floor0.25;drain0.5;bass0.25"
191239,1790793738043,Db Maior,Db Maior,0,Db Maior,Gb Maior,0.8184,0.8184,0.7928,0.1024,"Gb Maior;Bb Menor;G# Menor",,0.00,,0.00,189.35,189.35,1,1,"v2;w20;harm;aar;song60;far12;near45;tol0.8;floor0.25;drain0.5;bass0.25"
191703,1790793738543,Db Maior,Db Maior,0,Db Maior,Gb Maior,0.8157,0.8157,0.7963,0.0777,"Gb Maior;Bb Menor;G# Menor",,0.00,,0.00,189.79,189.79,1,1,"v2;w20;harm;aar;song60;far12;near45;tol0.8;floor0.25;drain0.5;bass0.25"
192168,1790793739042,Db Maior,Db Maior,0,Db Maior,Gb Maior,0.8142,0.8142,0.7990,0.0609,"Gb Maior;Bb Menor;G# Menor",,0.00,,0.00,190.27,190.27,1,1,"v2;w20;harm;aar;song60;far12;near45;tol0.8;floor0.25;drain0.5;bass0.25"
192725,1790793739543,Db Maior,Db Maior,0,Db Maior,Gb Maior,0.8141,0.8141,0.8024,0.0468,"Gb Maior;Bb Menor;G# Menor",,0.00,,0.00,190.83,190.83,1,1,"v2;w20;harm;aar;song60;far12;near45;tol0.8;floor0.25;drain0.5;bass0.25"
193190,1790793740042,Db Maior,Db Maior,0,Db Maior,Gb Maior,0.8134,0.8134,0.8024,0.0439,"Gb Maior;Bb Menor;G# Menor",,0.00,,0.00,191.31,191.31,1,1,"v2;w20;harm;aar;song60;far12;near45;tol0.8;floor0.25;drain0.5;bass0.25"
193747,1790793740542,Db Maior,Db Maior,0,Db Maior,Gb Maior,0.8138,0.8138,0.8017,0.0484,"Gb Maior;Bb Menor;G# Menor",,0.00,,0.00,191.85,191.85,1,1,"v2;w20;harm;aar;song60;far12;near45;tol0.8;floor0.25;drain0.5;bass0.25"
194211,1790793741042,Db Maior,Db Maior,0,Db Maior,Gb Maior,0.8145,0.8145,0.7999,0.0586,"Gb Maior;Bb Menor;G# Menor",,0.00,,0.00,192.31,192.31,1,1,"v2;w20;harm;aar;song60;far12;near45;tol0.8;floor0.25;drain0.5;bass0.25"
194676,1790793741543,Db Maior,Db Maior,0,Db Maior,Gb Maior,0.8148,0.8148,0.7989,0.0638,"Gb Maior;Bb Menor;G# Menor",,0.00,,0.00,192.79,192.79,1,1,"v2;w20;harm;aar;song60;far12;near45;tol0.8;floor0.25;drain0.5;bass0.25"
195233,1790793742042,Db Maior,Db Maior,0,Db Maior,Gb Maior,0.8148,0.8148,0.7982,0.0663,"Gb Maior;Bb Menor;G# Menor",,0.00,,0.00,193.33,193.33,1,1,"v2;w20;harm;aar;song60;far12;near45;tol0.8;floor0.25;drain0.5;bass0.25"
195697,1790793742542,Db Maior,Db Maior,0,Db Maior,Gb Maior,0.8154,0.8154,0.7972,0.0725,"Gb Maior;Bb Menor;G# Menor",,0.00,,0.00,193.79,193.79,1,1,"v2;w20;harm;aar;song60;far12;near45;tol0.8;floor0.25;drain0.5;bass0.25"
196255,1790793743043,Db Maior,Db Maior,0,Db Maior,Gb Maior,0.8143,0.8143,0.7974,0.0673,"Gb Maior;Bb Menor;G# Menor",,0.00,,0.00,194.35,194.35,1,1,"v2;w20;harm;aar;song60;far12;near45;tol0.8;floor0.25;drain0.5;bass0.25"
196719,1790793743543,Db Maior,Db Maior,0,Db Maior,Gb Maior,0.8138,0.8138,0.7971,0.0667,"Gb Maior;Bb Menor;G# Menor",,0.00,,0.00,194.81,194.81,1,1,"v2;w20;harm;aar;song60;far12;near45;tol0.8;floor0.25;drain0.5;bass0.25"
197183,1790793744042,Db Maior,Db Maior,0,Db Maior,Gb Maior,0.8135,0.8135,0.7958,0.0707,"Gb Maior;Bb Menor;G# Menor",,0.00,,0.00,195.29,195.29,1,1,"v2;w20;harm;aar;song60;far12;near45;tol0.8;floor0.25;drain0.5;bass0.25"
197741,1790793744543,Db Maior,Db Maior,0,Db Maior,Gb Maior,0.8137,0.8137,0.7945,0.0768,"Gb Maior;Bb Menor;G# Menor",,0.00,,0.00,195.85,195.85,1,1,"v2;w20;harm;aar;song60;far12;near45;tol0.8;floor0.25;drain0.5;bass0.25"
198205,1790793745043,Db Maior,Db Maior,0,Db Maior,Gb Maior,0.8142,0.8142,0.7940,0.0808,"Gb Maior;Bb Menor;G# Menor",,0.00,,0.00,196.29,196.29,1,1,"v2;w20;harm;aar;song60;far12;near45;tol0.8;floor0.25;drain0.5;bass0.25"
198669,1790793745540,Db Maior,Db Maior,0,Db Maior,Gb Maior,0.8146,0.8146,0.7930,0.0864,"Gb Maior;Bb Menor;G# Menor",,0.00,,0.00,196.77,196.77,1,1,"v2;w20;harm;aar;song60;far12;near45;tol0.8;floor0.25;drain0.5;bass0.25"
199227,1790793746043,Db Maior,Db Maior,0,Db Maior,Gb Maior,0.8150,0.8150,0.7926,0.0893,"Gb Maior;Bb Menor;G# Menor",,0.00,,0.00,197.33,197.33,1,1,"v2;w20;harm;aar;song60;far12;near45;tol0.8;floor0.25;drain0.5;bass0.25"
199691,1790793746542,Db Maior,Db Maior,0,Db Maior,Gb Maior,0.8158,0.8158,0.7958,0.0800,"Gb Maior;Bb Menor;G# Menor",,0.00,,0.00,197.81,197.81,1,1,"v2;w20;harm;aar;song60;far12;near45;tol0.8;floor0.25;drain0.5;bass0.25"
200248,1790793747043,Db Maior,Db Maior,0,Db Maior,Gb Maior,0.8170,0.8170,0.7977,0.0771,"Gb Maior;Bb Menor;G# Menor",,0.00,,0.00,198.35,198.35,1,1,"v2;w20;harm;aar;song60;far12;near45;tol0.8;floor0.25;drain0.5;bass0.25"
200713,1790793747543,Db Maior,Db Maior,0,Db Maior,Gb Maior,0.8186,0.8186,0.7959,0.0908,"Gb Maior;Bb Menor;G# Menor",,0.00,,0.00,198.81,198.81,1,1,"v2;w20;harm;aar;song60;far12;near45;tol0.8;floor0.25;drain0.5;bass0.25"
201177,1790793748042,Db Maior,Db Maior,0,Db Maior,Gb Maior,0.8211,0.8211,0.7929,0.1129,"Gb Maior;Bb Menor;G# Menor",,0.00,,0.00,199.29,199.29,1,1,"v2;w20;harm;aar;song60;far12;near45;tol0.8;floor0.25;drain0.5;bass0.25"
201734,1790793748543,Db Maior,Db Maior,0,Db Maior,Gb Maior,0.8235,0.8235,0.7906,0.1316,"Gb Maior;Bb Menor;G# Menor",,0.00,,0.00,199.83,199.83,1,1,"v2;w20;harm;aar;song60;far12;near45;tol0.8;floor0.25;drain0.5;bass0.25"
202199,1790793749043,Db Maior,Db Maior,0,Db Maior,Gb Maior,0.8263,0.8263,0.7884,0.1517,"Gb Maior;Bb Menor;Eb Menor",,0.00,,0.00,200.31,200.31,1,1,"v2;w20;harm;aar;song60;far12;near45;tol0.8;floor0.25;drain0.5;bass0.25"
202756,1790793749543,Db Maior,Db Maior,0,Db Maior,Gb Maior,0.8289,0.8289,0.7857,0.1728,"Gb Maior;Bb Menor;Eb Menor",,0.00,,0.00,200.85,200.85,1,1,"v2;w20;harm;aar;song60;far12;near45;tol0.8;floor0.25;drain0.5;bass0.25"
203221,1790793750043,Db Maior,Db Maior,0,Db Maior,Gb Maior,0.8300,0.8300,0.7866,0.1735,"Gb Maior;Bb Menor;Eb Menor",,0.00,,0.00,201.31,201.31,1,1,"v2;w20;harm;aar;song60;far12;near45;tol0.8;floor0.25;drain0.5;bass0.25"
203685,1790793750543,Db Maior,Db Maior,0,Db Maior,Gb Maior,0.8306,0.8306,0.7880,0.1704,"Gb Maior;Bb Menor;Eb Menor",,0.00,,0.00,201.79,201.79,1,1,"v2;w20;harm;aar;song60;far12;near45;tol0.8;floor0.25;drain0.5;bass0.25"
204242,1790793751044,Db Maior,Db Maior,0,Db Maior,Gb Maior,0.8313,0.8313,0.7884,0.1718,"Gb Maior;Bb Menor;Eb Menor",,0.00,,0.00,202.35,202.35,1,1,"v2;w20;harm;aar;song60;far12;near45;tol0.8;floor0.25;drain0.5;bass0.25"
204707,1790793751543,Db Maior,Db Maior,0,Db Maior,Gb Maior,0.8347,0.8347,0.7855,0.1967,"Gb Maior;Bb Menor;Eb Menor",,0.00,,0.00,202.79,202.79,1,1,"v2;w20;harm;aar;song60;far12;near45;tol0.8;floor0.25;drain0.5;bass0.25"
205171,1790793752042,Db Maior,Db Maior,0,Db Maior,Gb Maior,0.8396,0.8396,0.7822,0.2297,"Gb Maior;Bb Menor;Eb Menor",,0.00,,0.00,203.27,203.27,1,1,"v2;w20;harm;aar;song60;far12;near45;tol0.8;floor0.25;drain0.5;bass0.25"
205728,1790793752543,Db Maior,Db Maior,0,Db Maior,Gb Maior,0.8435,0.8435,0.7791,0.2577,"Gb Maior;Bb Menor;Eb Menor",,0.00,,0.00,203.83,203.83,1,1,"v2;w20;harm;aar;song60;far12;near45;tol0.8;floor0.25;drain0.5;bass0.25"
205728,1790793753041,Db Maior,Db Maior,0,Db Maior,Gb Maior,0.8435,0.8435,0.7791,0.2577,"Gb Maior;Bb Menor;Eb Menor",,0.00,,0.00,203.83,203.83,1,1,"v2;w20;harm;aar;song60;far12;near45;tol0.8;floor0.25;drain0.5;bass0.25"
205728,1790793753541,Db Maior,Db Maior,0,Db Maior,Gb Maior,0.8435,0.8435,0.7791,0.2577,"Gb Maior;Bb Menor;Eb Menor",,0.00,,0.00,203.83,203.83,1,1,"v2;w20;harm;aar;song60;far12;near45;tol0.8;floor0.25;drain0.5;bass0.25"
205728,1790793754040,Db Maior,Db Maior,0,Db Maior,Gb Maior,0.8435,0.8435,0.7791,0.2577,"Gb Maior;Bb Menor;Eb Menor",,0.00,,0.00,203.83,203.83,1,1,"v2;w20;harm;aar;song60;far12;near45;tol0.8;floor0.25;drain0.5;bass0.25"
205728,1790793754540,Db Maior,Db Maior,0,Db Maior,Gb Maior,0.8435,0.8435,0.7791,0.2577,"Gb Maior;Bb Menor;Eb Menor",,0.00,,0.00,203.83,203.83,1,1,"v2;w20;harm;aar;song60;far12;near45;tol0.8;floor0.25;drain0.5;bass0.25"
205728,1790793755041,Db Maior,Db Maior,0,Db Maior,Gb Maior,0.8435,0.8435,0.7791,0.2577,"Gb Maior;Bb Menor;Eb Menor",,0.00,,0.00,203.83,203.83,1,1,"v2;w20;harm;aar;song60;far12;near45;tol0.8;floor0.25;drain0.5;bass0.25"
