t_audio_ms,t_wall_ms,c0,c1,c2,c3,c4,c5,c6,c7,c8,c9,c10,c11,r0,r1,r2,r3,r4,r5,r6,r7,r8,r9,r10,r11,level_db,tonal,bass_pc,bass_prob,bass_hz,bass_prob_raw,bass_pitched
0,1790795401383,0.59178,0.00378,0.00199,0.00829,0.01859,0.11370,0.00602,0.16242,0.01805,0.00516,0.03814,0.03207,0.67058,0.00029,0.00175,0.00101,0.01494,0.00331,0.00715,0.19428,0.02143,0.00322,0.04504,0.03701,-56.91,7.101,-1,0.0000,-1.00,0.0000,0
185,1790795401456,0.38025,0.03513,0.00211,0.01224,0.02136,0.06440,0.01452,0.34046,0.03055,0.00514,0.03733,0.05652,0.37483,0.03507,0.00180,0.00591,0.01258,0.00287,0.01044,0.40760,0.03543,0.00367,0.04416,0.06565,-56.50,4.563,-1,0.0000,-1.00,0.0000,0
278,1790795401558,0.28534,0.03041,0.01140,0.06750,0.02716,0.06786,0.01764,0.00890,0.11890,0.00308,0.26946,0.09235,0.34038,0.00888,0.01337,0.01742,0.01139,0.01383,0.01938,0.00801,0.13900,0.00145,0.32014,0.10674,-56.52,3.424,-1,0.0000,-1.00,0.0000,0
371,1790795401636,0.11530,0.01592,0.15605,0.06264,0.01226,0.12357,0.07475,0.04159,0.08037,0.02485,0.22268,0.07002,0.13550,0.00109,0.18113,0.02693,0.00159,0.12120,0.08935,0.01393,0.09091,0.02952,0.24279,0.06606,-53.45,2.672,-1,0.0000,-1.00,0.0000,0
464,1790795401738,0.37263,0.04813,0.06185,0.02395,0.00753,0.08022,0.05249,0.05780,0.06410,0.12863,0.06422,0.03844,0.43401,0.04347,0.04364,0.01384,0.00203,0.01008,0.05428,0.06060,0.07407,0.15373,0.07495,0.03530,-54.08,4.472,-1,0.0000,-1.00,0.0000,0
557,1790795401818,0.09408,0.02639,0.14939,0.54135,0.00033,0.01911,0.02953,0.01031,0.11027,0.00365,0.01385,0.00175,0.11189,0.03079,0.17815,0.64541,0.00005,0.00071,0.00115,0.00517,0.00419,0.00436,0.01646,0.00169,-56.32,6.496,-1,0.0000,-1.00,0.0000,0
650,1790795401918,0.12194,0.02084,0.50434,0.15889,0.00294,0.02419,0.01503,0.09105,0.04105,0.00923,0.00683,0.00368,0.14562,0.02284,0.60220,0.18877,0.00266,0.00017,0.00154,0.00165,0.01162,0.01067,0.00815,0.00410,-56.61,6.052,-1,0.0000,-1.00,0.0000,0
743,1790795402043,0.17183,0.07505,0.06818,0.16001,0.06508,0.03417,0.03475,0.02684,0.04030,0.00293,0.01130,0.30955,0.20038,0.08788,0.08111,0.18910,0.00495,0.00122,0.01198,0.02831,0.01037,0.00296,0.01330,0.36844,-56.87,3.715,-1,0.0000,-1.00,0.0000,0
835,1790795402097,0.55820,0.00807,0.00448,0.04536,0.02475,0.12895,0.01349,0.01126,0.02922,0.01923,0.04504,0.11196,0.66489,0.00580,0.00095,0.04454,0.00365,0.02270,0.01501,0.01330,0.02618,0.02231,0.04947,0.13118,-54.70,6.698,-1,0.0000,-1.00,0.0000,0
928,1790795402197,0.21356,0.02433,0.00296,0.10576,0.05413,0.01007,0.01098,0.00129,0.12752,0.01404,0.38014,0.05522,0.25560,0.00037,0.00033,0.03678,0.00464,0.00901,0.01308,0.00148,0.14517,0.01625,0.45371,0.06357,-53.11,4.562,-1,0.0000,-1.00,0.0000,0
