t_s,passage,song,evidence_s,event
0.0,,,0.0,
0.5,,,0.0,
1.0,,,0.0,
1.5,,,0.0,
2.0,G#m,G#m,0.0,
2.5,G#m,G#m,0.0,
3.0,G#m,G#m,0.0,
3.5,G#m,G#m,0.0,
4.0,G#m,G#m,0.0,
4.5,G#m,G#m,0.0,
5.0,G#m,G#m,0.0,
5.5,G#m,G#m,0.0,
6.0,G#m,G#m,0.0,
6.5,G#m,G#m,0.0,
7.0,G#m,G#m,0.0,
7.5,G#m,G#m,0.0,
8.0,G#m,G#m,0.0,
8.5,G#m,G#m,0.0,
9.0,G#m,G#m,0.0,
9.5,G#m,G#m,0.0,
10.0,G#m,G#m,0.0,
10.5,G#m,G#m,0.0,
11.0,B,B,0.0,
11.5,B,B,0.0,
12.0,B,B,0.0,
12.5,B,B,0.0,
13.0,B,B,0.0,
13.5,B,B,0.0,
14.0,B,B,0.0,
14.5,B,B,0.0,
15.0,B,B,0.0,
15.5,B,B,0.0,
16.0,B,B,0.0,
16.5,B,B,0.0,
17.0,B,B,0.0,
17.5,B,B,0.0,
18.0,B,B,0.0,
18.5,B,B,0.0,
19.0,B,B,0.0,
19.5,B,B,0.0,
20.0,B,B,0.0,
20.5,B,B,0.0,
21.0,B,B,0.0,
21.5,B,B,0.0,
22.0,B,B,0.0,
22.5,B,B,0.0,
23.0,B,B,0.0,
23.5,B,B,0.0,
24.0,B,B,0.0,
24.5,B,B,0.0,
25.0,B,B,0.0,
25.5,B,B,0.0,
26.0,B,B,0.0,
26.5,B,B,0.0,
27.0,B,B,0.0,
27.5,B,B,0.0,
28.0,B,B,0.0,
28.5,B,B,0.0,
29.0,B,B,0.0,
29.5,B,B,0.0,
30.0,B,B,0.0,
30.5,B,B,0.0,
31.0,B,B,0.0,
31.5,B,B,0.0,
32.0,B,B,0.0,
32.5,B,B,0.0,
33.0,B,B,0.0,
33.5,B,B,0.0,
34.0,B,B,0.0,
34.5,B,B,0.0,
35.0,B,B,0.0,
35.5,B,B,0.0,
36.0,B,B,0.0,
36.5,B,B,0.0,
37.0,B,B,0.0,
37.5,B,B,0.0,
38.0,B,B,0.0,
38.5,B,B,0.0,
39.0,B,B,0.0,
39.5,B,B,0.0,
40.0,B,B,0.0,
40.5,B,B,0.0,
41.0,B,B,0.0,
41.5,B,B,0.0,
42.0,B,B,0.0,
42.5,B,B,0.0,
43.0,B,B,0.0,
43.5,B,B,0.0,
44.0,B,B,0.0,
44.5,B,B,0.0,
45.0,B,B,0.0,
45.5,B,B,0.0,
46.0,B,B,0.0,
46.5,B,B,0.0,
47.0,B,B,0.0,
47.5,B,B,0.0,
48.0,B,B,0.0,
48.5,B,B,0.0,
49.0,B,B,0.0,
49.5,B,B,0.0,
50.0,B,B,0.0,
50.5,B,B,0.0,
51.0,B,B,0.0,
51.5,B,B,0.0,
52.0,B,B,0.0,
52.5,B,B,0.0,
53.0,B,B,0.0,
53.5,B,B,0.0,
54.0,B,B,0.0,
54.5,B,B,0.0,
55.0,B,B,0.0,
55.5,B,B,0.0,
56.0,B,B,0.0,
56.5,B,B,0.0,
57.0,B,B,0.0,
57.5,B,B,0.0,
58.0,B,B,0.0,
58.5,B,B,0.0,
59.0,B,B,0.0,
59.5,B,B,0.0,
60.0,B,B,0.0,
60.5,B,B,0.0,
61.0,B,B,0.0,
61.5,B,B,0.0,
62.0,B,B,0.0,
62.5,B,B,0.0,
63.0,B,B,0.0,
63.5,B,B,0.0,
64.0,B,B,0.0,
64.5,B,B,0.0,
65.0,B,B,0.0,
65.5,B,B,0.0,
66.0,B,B,0.0,
66.5,B,B,0.0,
67.0,B,B,0.0,
67.5,B,B,0.0,
68.0,B,B,0.0,
68.5,B,B,0.0,
69.0,B,B,0.0,
69.5,B,B,0.0,
70.0,B,B,0.0,
70.5,B,B,0.0,
71.0,B,B,0.0,
71.5,B,B,0.0,
72.0,B,B,0.0,
72.5,B,B,0.0,
73.0,B,B,0.0,
73.5,B,B,0.0,
74.0,B,B,0.0,
74.5,B,B,0.0,
75.0,B,B,0.0,
75.5,B,B,0.0,
76.0,B,B,0.0,
76.5,B,B,0.0,
77.0,B,B,0.0,
77.5,B,B,0.0,
78.0,B,B,0.0,
78.5,B,B,0.0,
79.0,B,B,0.0,
79.5,B,B,0.0,
80.0,B,B,0.0,
80.5,B,B,0.0,
81.0,B,B,0.0,
81.5,B,B,0.0,
82.0,B,B,0.0,
82.5,B,B,0.0,
83.0,B,B,0.0,
83.5,B,B,0.0,
84.0,B,B,0.0,
84.5,B,B,0.0,
85.0,B,B,0.0,
85.5,B,B,0.0,
86.0,B,B,0.0,
86.5,B,B,0.0,
87.0,B,B,0.0,
87.5,B,B,0.0,
88.0,B,B,0.0,
88.5,B,B,0.0,
89.0,B,B,0.0,
89.5,B,B,0.0,
90.0,B,B,0.0,
90.5,B,B,0.0,
91.0,B,B,0.0,
91.5,B,B,0.0,
92.0,B,B,0.0,
92.5,B,B,0.0,
93.0,B,B,0.0,
93.5,B,B,0.0,
94.0,B,B,0.0,
94.5,B,B,0.0,
95.0,B,B,0.0,
95.5,B,B,0.0,
96.0,B,B,0.0,
96.5,B,B,0.0,
97.0,B,B,0.0,
97.5,B,B,0.0,
98.0,B,B,0.0,
98.5,B,B,0.0,
99.0,B,B,0.0,
99.5,B,B,0.0,
100.0,B,B,0.0,
100.5,B,B,0.0,
101.0,B,B,0.0,
101.5,B,B,0.0,
102.0,B,B,0.0,
102.5,B,B,0.0,
103.0,B,B,0.0,
103.5,B,B,0.0,
104.0,B,B,0.0,
104.5,B,B,0.0,
105.0,B,B,0.0,
105.5,B,B,0.0,
106.0,B,B,0.0,
106.5,B,B,0.0,
107.0,B,B,0.0,
107.5,B,B,0.0,
108.0,B,B,0.0,
108.5,B,B,0.0,
109.0,B,B,0.0,
109.5,B,B,0.0,
110.0,B,B,0.0,
110.5,B,B,0.0,
111.0,B,B,0.0,
111.5,B,B,0.0,
112.0,B,B,0.0,
112.5,B,B,0.0,
113.0,B,B,0.0,
113.5,B,B,0.0,
114.0,B,B,0.0,
114.5,B,B,0.0,
115.0,B,B,0.0,
115.5,B,B,0.0,
116.0,B,B,0.0,
116.5,B,B,0.0,
117.0,B,B,0.0,
117.5,B,B,0.0,
118.0,B,B,0.0,
118.5,B,B,0.0,
119.0,B,B,0.0,
119.5,B,B,0.0,
120.0,B,B,0.0,
120.5,B,B,0.0,
121.0,B,B,0.0,
121.5,B,B,0.0,
122.0,B,B,0.0,
122.5,B,B,0.0,
123.0,B,B,0.0,
123.5,B,B,0.0,
124.0,B,B,0.0,
124.5,B,B,0.0,
125.0,B,B,0.0,
125.5,B,B,0.0,
126.0,B,B,0.0,
126.5,B,B,0.0,
127.0,B,B,0.0,
127.5,B,B,0.0,
128.0,B,B,0.0,
128.5,B,B,0.0,
129.0,B,B,0.0,
129.5,B,B,0.0,
130.0,B,B,0.0,
130.5,B,B,0.0,
131.0,B,B,0.0,
131.5,B,B,0.0,
132.0,B,B,0.0,
132.5,B,B,0.0,
133.0,B,B,0.0,
133.5,B,B,0.0,
134.0,B,B,0.0,
134.5,B,B,0.0,
135.0,B,B,0.0,
135.5,B,B,0.0,
136.0,B,B,0.0,
136.5,B,B,0.0,
137.0,B,B,0.0,
137.5,B,B,0.0,
138.0,B,B,0.0,
138.5,B,B,0.0,
139.0,B,B,0.0,
139.5,B,B,0.0,
140.0,B,B,0.0,
140.5,B,B,0.0,
141.0,B,B,0.0,
141.5,B,B,0.0,
142.0,B,B,0.0,
142.5,B,B,0.0,
143.0,B,B,0.0,
143.5,B,B,0.0,
144.0,B,B,0.0,
144.5,B,B,0.0,
145.0,B,B,0.0,
145.5,B,B,0.0,
146.0,B,B,0.0,
146.5,B,B,0.0,
147.0,B,B,0.0,
147.5,B,B,0.0,
148.0,B,B,0.0,
148.5,B,B,0.0,
149.0,B,B,0.0,
149.5,B,B,0.0,
150.0,B,B,0.0,
150.5,B,B,0.0,
151.0,B,B,0.0,
151.5,B,B,0.0,
152.0,B,B,0.0,
152.5,B,B,0.0,
153.0,B,B,0.0,
153.5,B,B,0.0,
154.0,B,B,0.0,
154.5,B,B,0.0,
155.0,B,B,0.0,
155.5,B,B,0.0,
156.0,B,B,0.0,
156.5,B,B,0.0,
157.0,B,B,0.0,
157.5,B,B,0.0,
158.0,B,B,0.0,
158.5,B,B,0.0,
159.0,B,B,0.0,
159.5,B,B,0.0,
160.0,B,B,0.0,
160.5,B,B,0.0,
161.0,B,B,0.0,
161.5,B,B,0.0,
162.0,B,B,0.0,
162.5,B,B,0.0,
163.0,B,B,0.0,
163.5,B,B,0.0,
164.0,B,B,0.0,
164.5,B,B,0.0,
165.0,B,B,0.0,
165.5,B,B,0.0,
166.0,B,B,0.0,
166.5,B,B,0.0,
167.0,B,B,0.0,
167.5,B,B,0.0,
168.0,B,B,0.0,
168.5,B,B,0.0,
169.0,B,B,0.0,
169.5,B,B,0.0,
170.0,B,B,0.0,
170.5,B,B,0.0,
171.0,B,B,0.0,
171.5,B,B,0.0,
172.0,B,B,0.0,
172.5,B,B,0.0,
173.0,B,B,0.0,
173.5,B,B,0.0,
174.0,B,B,0.0,
174.5,B,B,0.0,
175.0,B,B,0.0,
175.5,B,B,0.0,
176.0,B,B,0.0,
176.5,B,B,0.0,
177.0,B,B,0.0,
177.5,B,B,0.0,
178.0,B,B,0.0,
178.5,B,B,0.0,
179.0,B,B,0.0,
179.5,B,B,0.0,
180.0,B,B,0.0,
180.5,B,B,0.0,
181.0,B,B,0.0,
181.5,B,B,0.0,
182.0,B,B,0.0,
182.5,B,B,0.0,
183.0,B,B,0.0,
183.5,B,B,0.0,
184.0,B,B,0.0,
184.5,B,B,0.0,
185.0,B,B,0.0,
185.5,B,B,0.0,
186.0,B,B,0.0,
186.5,B,B,0.0,
187.0,B,B,0.0,
187.5,B,B,0.0,
188.0,B,B,0.0,
188.5,B,B,0.0,
189.0,B,B,0.0,
189.5,B,B,0.0,
190.0,B,B,0.0,
190.5,B,B,0.0,
191.0,B,B,0.0,
191.5,B,B,0.0,
192.0,B,B,0.0,
192.5,B,B,0.0,
193.0,B,B,0.0,
193.5,B,B,0.0,
194.0,B,B,0.0,
194.5,B,B,0.0,
195.0,B,B,0.0,
195.5,B,B,0.0,
196.0,B,B,0.0,
196.5,B,B,0.0,
197.0,B,B,0.0,
197.5,B,B,0.0,
198.0,B,B,0.0,
198.5,B,B,0.0,
199.0,B,B,0.0,
199.5,B,B,0.0,
200.0,B,B,0.0,
200.5,B,B,0.0,
201.0,B,B,0.0,
201.5,B,B,0.0,
202.0,B,B,0.0,
202.5,B,B,0.0,
203.0,B,B,0.0,
203.5,B,B,0.0,
204.0,B,B,0.0,
204.5,B,B,0.0,
205.0,B,B,0.0,
205.5,B,B,0.0,
206.0,B,B,0.0,
206.5,B,B,0.0,
207.0,B,B,0.0,
207.5,B,B,0.0,
208.0,B,B,0.0,
208.5,B,B,0.0,
209.0,B,B,0.0,
209.5,B,B,0.0,
210.0,B,B,0.0,
210.5,B,B,0.0,
211.0,B,B,0.0,
211.5,B,B,0.0,
212.0,B,B,0.0,
212.5,B,B,0.0,
213.0,B,B,0.0,
213.5,B,B,0.0,
214.0,B,B,0.0,
214.5,B,B,0.0,
215.0,B,B,0.0,
215.5,B,B,0.0,
216.0,B,B,0.0,
216.5,B,B,0.0,
217.0,B,B,0.0,
217.5,B,B,0.0,
218.0,B,B,0.0,
218.5,B,B,0.0,
219.0,B,B,0.0,
219.5,B,B,0.0,
220.0,B,B,0.0,
220.5,B,B,0.0,
221.0,B,B,0.0,
221.5,B,B,0.0,
222.0,B,B,0.0,
222.5,B,B,0.0,
223.0,B,B,0.0,
223.5,B,B,0.0,
224.0,B,B,0.0,
224.5,B,B,0.0,
225.0,B,B,0.0,
225.5,B,B,0.0,
226.0,B,B,0.0,
226.5,B,B,0.0,
227.0,B,B,0.0,
227.5,B,B,0.0,
228.0,B,B,0.0,
228.5,B,B,0.0,
229.0,B,B,0.0,
229.5,B,B,0.0,
230.0,B,B,0.0,
230.5,B,B,0.0,
231.0,B,B,0.0,
231.5,B,B,0.0,
232.0,B,B,0.0,
232.5,B,B,0.0,
233.0,B,B,0.0,
233.5,B,B,0.0,
234.0,B,B,0.0,
234.5,B,B,0.0,
235.0,B,B,0.0,
235.5,B,B,0.0,
236.0,B,B,0.0,
236.5,B,B,0.0,
237.0,B,B,0.0,
237.5,B,B,0.0,
238.0,B,B,0.0,
238.5,B,B,0.0,
239.0,B,B,0.0,
239.5,B,B,0.0,
240.0,B,B,0.0,
240.5,B,B,0.0,
241.0,B,B,0.0,
241.5,B,B,0.0,
242.0,B,B,0.0,
242.5,B,B,0.0,
243.0,B,B,0.0,
243.5,B,B,0.0,
244.0,B,B,0.0,
244.5,B,B,0.0,
245.0,B,B,0.0,
245.5,B,B,0.0,
246.0,B,B,0.0,
246.5,B,B,0.0,
247.0,B,B,0.0,
247.5,B,B,0.0,
248.0,B,B,0.0,
248.5,B,B,0.0,
249.0,B,B,0.0,
249.5,B,B,0.0,
250.0,B,B,0.0,
250.5,B,B,0.0,
251.0,B,B,0.0,
251.5,B,B,0.0,
252.0,B,B,0.0,
252.5,B,B,0.0,
253.0,B,B,0.0,
253.5,B,B,0.0,
254.0,B,B,0.0,
254.5,B,B,0.0,
255.0,B,B,0.0,
255.5,B,B,0.0,
256.0,B,B,0.0,
256.5,B,B,0.0,
257.0,B,B,0.0,
257.5,B,B,0.0,
258.0,B,B,0.0,
258.5,B,B,0.0,
259.0,B,B,0.0,
259.5,B,B,0.0,
